title,location,price,land size,Road,bedroom,bathroom,url,direction,parking size,built year
8 flats house for sale at Old Baneshwor,"Old Baneshwor, Kathmandu Metropolitan City, Kathmandu, Bagmati Pradesh, 44617, Nepal","Rs2,90,00,000",3.5 Aana,6 ft,22,8,https://nepalhomesearch.com/property/house-for-sale-at-old-baneshwor/,,,
Beautiful Old Villa on 23 aana Sale at Sitapaila,"Sitapaila, Kathmandu Metropolitan City, Kathmandu, Bagmati Pradesh, 44620, Nepal","Rs10,00,00,000",23 Anna,,5,4,https://nepalhomesearch.com/property/beautiful-old-villa-on-23-aana-sale-at-sitapaila/,West,10,
Semi-Bungalow House Sale in Mulpani,"Mulpani Pipalbot, Kageshwori Manohara, Kageshwori Manohara Municipality, Kathmandu, Bagmati Pradesh, 97701, Nepal","Rs2,30,00,000",3 Aana,13 ft,5,3,https://nepalhomesearch.com/property/semi-bungalow-house-sale-in-mulpani/,South-east,1,2022
Lale Lalitpur House Sale on 4 Ropani,"Dihgau, Lele, Godawari, Lalitpur, Bagmati Pradesh, 44709, Nepal","Rs7,30,00,000",4 Ropani,20 ft,4,3,https://nepalhomesearch.com/property/lale-lalitpur-house-sale/,South-east,10,2075
Thaiba Heights Housing,"Thaiba Heights Housing, Thaiba, Godawari, Lalitpur, Bagmati Pradesh, Nepal","Rs5,00,00,000",6 Aana,20 ft,4,3,https://nepalhomesearch.com/property/thaiba-heights-housing/,South,1,2021
Beautiful new house for sale at Nakhipot Lalitpur,"Nakhipot, Lalitpur, Bagmati Pradesh, 44702, Nepal","Rs2,00,00,000",2.5 Aana,13 ft,4,3,https://nepalhomesearch.com/property/beautiful-new-house-for-sale-at-nakhipot-lalitpur/,East,3,2022
Beautiful House for sale in Dholahiti Lalitpur,"Dholahiti, Lalitpur, Bagmati Pradesh, 44700, Nepal","Rs8,00,00,000",10 Aana,13 ft,4,3,https://nepalhomesearch.com/property/beautiful-house-for-sale-in-dholahiti-lalitpur/,North-east,4,2005
Beautiful house for sale in Hattiban Lalitpur,"Hattiban, Dhapakhel, Lalitpur, Bagmati Pradesh, 14364, Nepal","Rs2,30,00,000",4 Anna,27 ft,4,4,https://nepalhomesearch.com/property/beautiful-house-for-sale-in-hattiban-lalitpur/,North,1,2021
House for sale at Gahana Pokhari Kathmandu,"Gahana Pokhari, Kathmandu, Bagmati Pradesh, Nepal","Rs8,25,00,000",9.75 Aana,13 ft,4,4,https://nepalhomesearch.com/property/house-for-sale-at-gahana-pokhari-kathmandu/,South-east,3,
House for sale in Ishan Colony Budhanilkantha,"Ishan Colony, Budhanilkantha, Kathmandu, Bagmati Pradesh, Nepal","Rs5,75,00,000",9 Aaana,,4,3,https://nepalhomesearch.com/property/house-for-sale-in-ishan-colony-budhanilkantha/,,2,
Old House for sale in Panipokhari,"Panipokhari, Kathmandu, Bagmati Pradesh, 10378, Nepal",Call for price,10 Aana,13 ft,,,https://nepalhomesearch.com/property/house-for-sale-in-panipokhari/,South,,2055
Villa for sale in Chabahil Kathmandu,"Chabahil, Kathmandu, Bagmati Pradesh, 44660, Nepal","Rs12,00,00,000",12 Aana,16 ft,3,2,https://nepalhomesearch.com/property/villa-for-sale-in-chabahil-kathmandu/,North,3,2055
थानकोट मा घर बिक्रीमा,"Thankot, Chandragiri, Kathmandu, Bagmati Pradesh, 44619, Nepal","Rs2,20,00,000",5 Aana,10 ft,6,3,https://nepalhomesearch.com/property/%e0%a4%a5%e0%a4%be%e0%a4%a8%e0%a4%95%e0%a5%8b%e0%a4%9f-%e0%a4%ae%e0%a4%be-%e0%a4%98%e0%a4%b0-%e0%a4%ac%e0%a4%bf%e0%a4%95%e0%a5%8d%e0%a4%b0%e0%a5%80%e0%a4%ae%e0%a4%be/,West,1,
Beautiful house for sale at Vinayak Colony Bhaisepati,"Vinayak Colony, Lalitpur, Bagmati Pradesh, Nepal",Call for price,4.75 Aana,26 ft,3,4,https://nepalhomesearch.com/property/house-for-sale-at-vinayak-colony/,East,1,
Luxury Apartment Building for sale in Sanepa Lalitpur,"Sanepa, Patan, Lalitpur, Bagmati Pradesh, 44690, Nepal",Call for price,18 Aana,20 ft,17,17,https://nepalhomesearch.com/property/apartment-building-for-sale-in-sanepa/,North,10,2021
Villas for sale in Meghauli Chitwan,"Meghauli, Chitwan, Bagmati Pradesh, 44210, Nepal",Call for price,,,3,4,https://nepalhomesearch.com/property/villas-for-sale-in-meghauli/,,3,
Commercial property for sale at Imadol Lalitpur,"Imadol, Mahalaxmi, Lalitpur, Bagmati Pradesh, Nepal",Call for price,,Highway,,,https://nepalhomesearch.com/property/commercial-property-for-sale-at-imadol-lalitpur/,North,,
Commercial house for sale at Bhrikuti Chowk Kapan,"Bhrikuti Chow, Kapan Kathmandu, Bagmati Pradesh, 44602, Nepal","Rs2,30,00,000",3 Aana,27 ft,3,2,https://nepalhomesearch.com/property/house-for-sale-at-bhrikuti-chowk-kapan/,West,1,
House sale in Mid Baneshowr at Land Price,"Mid Baneshwar, Kathmandu, Bagmati Pradesh, 44703, Nepal","Rs10,40,00,000",1 Ropani,20,5,3,https://nepalhomesearch.com/property/house-sale-in-mid-baneshowr/,North-west,4,2005
"House for sale, Thecho Laliptur","Thecho, Godawari, Lalitpur, Bagmati Pradesh, 44700, Nepal","Rs3,25,00,000",4 Aana,13 ft,5,5,https://nepalhomesearch.com/property/house-for-sale-thecho-laliptur/,North,1,2023
New House For Sale At Thecho Lalitpur,"Thecho, Godawari, Lalitpur, Bagmati Pradesh, 44700, Nepal","Rs2,60,00,000",4 Aana,10 ft,4,3,https://nepalhomesearch.com/property/house-for-sale-at-thecho/,South,1,2022
House for sale at Bhelpa Satdobato,"Bhelpa, Satdobato, Ward 17, Patan, Lalitpur, Bagmati Pradesh, 44705, Nepal","Rs2,25,00,000",3 Aana,9 meter,4,3,https://nepalhomesearch.com/property/house-for-sale-at-bhelpa-satdobato/,East,1,2018
,,,,,,,https://nepalhomesearch.com/property/villa-at-land-price-in-baisepati/,,,
"3-Storey House for Sale at Land Price in Sano Bharyang, Kathmandu","Irahity, Kathmandu, Bagmati Pradesh, 44611, Nepal",Call for price,5.25 aana,,7,3,https://nepalhomesearch.com/property/house-for-sale-at-land-price-in-sano-bharyang/,,2,
Beautiful house for sale at Aadeshwor Sitapaila,"Adreshwor Sitapaila, Nagarjun, Kathmandu, Bagmati Pradesh, 44601, Nepal","Rs4,00,00,000",3.5 Aana,,4,6,https://nepalhomesearch.com/property/house-for-sale-at-aadeshwor-sitapaila/,,,2019
Magnificent Villa on 17 aana for sale at Bhaisepati Lalitpur,"Bhaisepati, Lalitpur, Bagmati Pradesh, 44700, Nepal","Rs10,00,00,000",17 aana,,4,3,https://nepalhomesearch.com/property/magnificent-villa-bhaisepati-lalitpur/,,,
Beautiful house for sale at Kupandole Lalitpur,"Kupondole, Patan, Lalitpur, Bagmati Pradesh, 00779, Nepal","Rs10,00,00,000",10 Aana,16 ft,4,3,https://nepalhomesearch.com/property/house-for-sale-at-kupandole/,South,4,
Bungalow for sale Budhanilkantha,"Budhanilkantha, Kathmandu, Bagmati Pradesh, Nepal",Call for price,1 Ropani,20 ft,5,4,https://nepalhomesearch.com/property/bungalow-for-sale-budhanilkantha/,South,5,2022
"2.5 Story Beautiful House Behind GreenHill CIty VIP Housing in Narayantar, Shiva Chowk on Sale","Baba Chok, Kageshwori Manohara, Kathmandu, Bagmati Pradesh, 20187, Nepal","Rs2,45,00,000",,13 ft,5,3,https://nepalhomesearch.com/property/2-5-story-beautiful-house-behind-greenhill-city-vip-housing-in-narayantar-shiva-chowk-on-sale/,East,,2020
,,,,,,,https://nepalhomesearch.com/property/villa-in-swayambhu-sale/,,,
3 BHK Bungalow,"Goldunga, Tarakeshwar Municipality, Kathmandu, Bagmati Pradesh, 19975, Nepal","Rs15,00,00,000",53 aana,,3,3,https://nepalhomesearch.com/property/3-bhk-bungalow/,,,
Flat system house in Ghattekulo,"Ghattekulo, Kathmandu, Bagmati Pradesh, 00446, Nepal","Rs3,50,00,000",3.5 Aana,9 ft,9,5,https://nepalhomesearch.com/property/flat-system-house-in-ghattekulo/,South-west,,
"Beautiful house for sale at Civil Homes, Sitapaila","Civil Homes Sitapaila, Kathmandu, Bagmati Pradesh, 44618, Nepal","Rs2,70,00,000",4.25 Aana,14,4,3,https://nepalhomesearch.com/property/house-for-sale-at-civil-homes-sitapaila/,East,1,2022
Godawari Valley Housing – Booking Opens,"Godawari, Lalitpur, Bagmati Pradesh, Nepal","Rs4,00,00,000",4.5 Aana,,5,4,https://nepalhomesearch.com/property/godawari-valley-housing/,,1,
Brand new house for sale at Budhanilkantha,"Rudreshwor Chowk, Budhanilkantha, Kathmandu, Bagmati Pradesh, 22644, Nepal","Rs6,25,00,000",6 Aana,20 ft,4,5,https://nepalhomesearch.com/property/brand-new-house-for-sale-at-budhanilkantha/,East,2,2022
Attractive Multi-Flat house for sale near Kalanki,"Maitri Nagar, Kirtipur, Kathmandu, Bagmati Pradesh, 44618, Nepal","Rs5,50,00,000",6.5 Aana,13 ft,12,7,https://nepalhomesearch.com/property/multi-flat-house-for-sale-near-kalanki/,East,3,2018
Semi commercial property for sale in Kapan Kathmandu,"Bibek Chok, Kapan, Budhanilkantha, Kathmandu, Bagmati Pradesh, 44602, Nepal","Rs2,00,00,000 Rs2,40,00,000",4.25 Aana,15 ft,2,1,https://nepalhomesearch.com/property/property-for-sale-in-kapan/,South,1,
A beautiful house for sale at Down Town Housing Imadol Lalitpur,"Down Town Housing, Imadol, Mahalaxmi, Lalitpur, Bagmati Pradesh, 44795, Nepal","Rs4,50,00,000",0-3-2-3 Aana,20 ft,4,4,https://nepalhomesearch.com/property/down-town-housing-imadol/,East,1,2077
A modern house for sale in Bagaicha Colony Budhanilkantha Kathmandu,"Bagaicha Colony, Budhanilkantha, Kathmandu, Bagmati Pradesh, Nepal","Rs6,80,00,000",8 Aana,20 ft,6,5,https://nepalhomesearch.com/property/bagaicha-colony-budhanilkantha/,South-west,2,2075
6 aana land for sale at Maligaun Kathmandu,"Maligaun, Kathmandu, Bagmati Pradesh, 00975, Nepal","Rs60,00,000 Per Anna",6 Anna,13 ft,,,https://nepalhomesearch.com/property/land-for-sale-at-maligaun/,East,,
New semi bungalow house for sale at Imadol Lalitpur,"Imadol, Mahalaxmi, Lalitpur, Bagmati Pradesh, 44708, Nepal","Rs2,80,00,000",3.5 Anna,13 ft,6,4,https://nepalhomesearch.com/property/semi-bungalow-house-for-sale-at-imadol/,South,1,2079
New house on sale at Satungal Chandragiri Municipality,"Satungal Road, Boshigaun, Chandragiri, Kathmandu, Bagmati Pradesh, 44618, Nepal","Rs1,50,00,000",2.5 Anna,4 ft,3,3,https://nepalhomesearch.com/property/new-house-on-sale-at-satungal/,,,2022
Semi bungalow for sale at Chhauni Kathmandu,"Chhauni, Kathmandu, Bagmati Pradesh, 44620, Nepal","Rs3,50,00,000",3.5 Anna,13 ft,5,3,https://nepalhomesearch.com/property/semi-bungalow-for-sale-at-chhauni/,South,1,
Attractive houses for sale at Thaiba Godawari,"Thaiba, Godawari, Lalitpur, Bagmati Pradesh, Nepal","Rs3,50,00,000",5 Anna,13 ft,5,3,https://nepalhomesearch.com/property/houses-for-sale-at-thaiba-godawari/,South,2,2070
Commercial house for sale at Koteshwor Kathmandu,"koteshwor kathmandu, Lalbandi, Sarlahi, Province #2, Nepal","Rs8,50,00,000",5 Anna,27 ft,10,6,https://nepalhomesearch.com/property/commercial-house-for-sale-at-koteshwor/,,3,
Modern Bungalow for sale at Dhobighat Lalitpur,"Dhobighat, Lalitpur, Bagmati Pradesh, 44613, Nepal",Call for price,12 Anna,13 ft,5,5,https://nepalhomesearch.com/property/bungalow-for-sale-at-dhobighat/,South-west,4,2067
Semi Commercial house for sale at Kapan,"Kapan, Kathmandu, Bagmati Pradesh, 44602, Nepal","Rs2,85,00,000",4.25 Anna,,2,1,https://nepalhomesearch.com/property/semi-commercial-house-for-sale-at-kapan/,South-east,2,
Imadol house sale urgent,"Imadol, Mahalaxmi, Lalitpur, Bagmati Pradesh, Nepal","Rs1,70,00,000",2.5 Anna,13 ft,,,https://nepalhomesearch.com/property/imadol-house-sale-urgent/,,,
2 semi bungalows for sale at Thapathali Kathmandu,"Thapathali, Kathmandu, Bagmati Pradesh, 00779, Nepal","Rs5,20,00,000",4.5 Anna,13 ft,6,4,https://nepalhomesearch.com/property/2-semi-bungalows-for-sale-at-thapathali/,,1,2022
3 Ropani Villa in Dhapasi,"Dhapasi Kathmandu, Bagmati Pradesh, 40607, Nepal","Rs25,00,00,000",3 Ropani,,6,6,https://nepalhomesearch.com/property/3-ropani-villa-in-dhapasi/,,,
8 apartment house for sale at Maitidevi Kathmandu,"Maitidevi, Kathmandu, Bagmati Pradesh, 00446, Nepal","Rs3,50,00,000",4 Anna,9 ft,12,8,https://nepalhomesearch.com/property/apartment-house-maitidevi-kathmandu/,East,,
Pasikot Villa in Budhanilknatha,"Pasikot Budhanilkantha, Bagmati Pradesh, 22644, Nepal","Rs10,00,00,000",20 Anna,20 ft,4,4,https://nepalhomesearch.com/property/pasikot-villa/,North-west,10,2020
A modern house for sale at Pepsicola Kathmandu,"Pepsicola, Kathmandu, Bagmati Pradesh, 44810, Nepal","Rs7,50,00,000",13 Anna,13 ft,5,6,https://nepalhomesearch.com/property/house-for-sale-at-pepsicola-kathmandu/,North,,
Apartment building for sale at Bansbari Kathmandu,"Bansbari, Kathmandu, Bagmati Pradesh, 44607, Nepal","Rs13,00,00,000",12 Anna,13 ft,,,https://nepalhomesearch.com/property/apartment-building-for-sale-at-bansbari-kathmandu/,,,
Luxurious Classic Villa for sale at Kathmandu,"Dhapasi, Kathmandu, Bagmati Pradesh, 44606, Nepal","Rs13,50,00,000",14 Anna,20 ft,5,6,https://nepalhomesearch.com/property/luxurious-classic-villa/,South-east,3,2022
"A modern house for sale in Bagaicha Colony, Budhanilkantha","Bagaicha Colony, Budhanilkantha, Kathmandu, Bagmati Pradesh, Nepal","Rs7,00,00,000",8 Anna,20 ft,5,5,https://nepalhomesearch.com/property/house-for-sale-in-bagaicha-colony/,West,2,2021
A modern house for sale Behind Satdobato swimming pool,"Satdobato, Lalitpur, Bagmati Pradesh, 44702, Nepal",Call for price,6.25 Anna,13 ft,5,5,https://nepalhomesearch.com/property/house-for-sale-behind-satdobato-swimming-pool/,West,2,2071
A neoclassic house for sale at Maharajgunj Kathmandu.,"Thirbam Sadak, Charkhal Dillibazar Kathmandu.","Rs19,00,00,000",13 Anna,20 ft,4,5,https://nepalhomesearch.com/property/neoclassic-house-for-sale-at-maharajgunj/,South-east,2,2022
Godawari Villa is on sale having a 60-degree breathtaking view,"Jharuwarasi, Godawari, Lalitpur, Bagmati Pradesh, Nepal",Call for price,51 Anna,22 ft,6,4,https://nepalhomesearch.com/property/godawari-villa-is-on-sale/,South,2,2068
2 Beautiful Houses For Sale at Budhanilkantha,"Muhanpokhari, Budhanilkantha, Kathmandu, Bagmati Pradesh, 22644, Nepal","Rs4,50,00,000",9 Anna,18 ft,5,4,https://nepalhomesearch.com/property/houses-for-sale-at-budhanilkantha/,North,3,2022
Previous Home On Sale close to Summit Lodge Kupandole,"Near Summit Hotel, Kupandole Lalitpur, Bagmati Pradesh, 44690, Nepal","Rs6,75,00,000",0-7-2-0 Anna,13 ft,6,4,https://nepalhomesearch.com/property/house-on-sale-near-summit-hotel/,North-east,3,
3 Bedrooms Beautiful house for sale at Golfutar Kathmandu,"Man Bahadur Marg, Golfutar Kathmandu","Rs2,75,00,000",3.25 Anna,16 ft,3,3,https://nepalhomesearch.com/property/beautiful-house-for-sale-at-golfutar/,South-west,2,2066
6 Brand New Houses for sale at Sitapaila Kathmandu,"Sitapaila Kathmandu, Bagmati Pradesh, 446030, Nepal","Rs3,10,00,000",4 Anna,13 ft,5,4,https://nepalhomesearch.com/property/houses-for-sale-at-sitapaila/,South-east,1,2022
Beautiful house for sale at Nakkhu Lalitpur,"Nakhu, Lalitpur, Bagmati Pradesh, 44700, Nepal","Rs4,30,00,000",5 Anna,18 ft,5,3,https://nepalhomesearch.com/property/house-for-sale-at-nakkhu-lalitpur/,South,1,
Urgent Sale a House in Anamnagar Dhobikhola Corridor,Dhobikhola Corridor Anamnagar,"Rs4,00,00,000",4 Anna,11 meter,4,3,https://nepalhomesearch.com/property/urgent-sale-a-house-in-anamnagar-dhobikhola-corridor/,East,2,
Urgent Sale House in Imadol Lalitpur,"Imadol, Mahalaxmi, Lalitpur, Bagmati Pradesh, Nepal","Rs6,50,00,000",12 Anna,13 ft,7,3,https://nepalhomesearch.com/property/urgent-sale-house-in-imadol-lalitpur/,South,4,
,,,,,,,https://nepalhomesearch.com/property/house-for-sale-at-bansbari-kathmandu/,,,
Beautiful house for sale at Washik Budhanilkantha,"Washik, Budhanilkantha, Kathmandu, Bagmati Pradesh, 22644, Nepal","Rs4,10,00,000",5.5 Aana,13 ft,5,4,https://nepalhomesearch.com/property/house-for-sale-at-washik-budhanilkantha/,South-west,2,2022
Voguish House at Sukedhara,"Sukedhara, Kathmandu, Bagmati Pradesh, 3832, Nepal","Rs4,50,00,000",7 Annas,,4,3,https://nepalhomesearch.com/property/voguish-house-at-sukedhara/,East,1,
Stylish House At Thaiba For Sale of 5.5 annas,"Southern Heights Colony, Thaiba, Lalitpur, Bagmati Pradesh, 44709, Nepal","Rs5,00,00,000",5.5 Anna,20ft,4,3,https://nepalhomesearch.com/property/stylish-house-at-thaiba-lalitpur/,South-west,2,2010
Modern Bungalow for Sale at Budhanilkanta of 23 annas,"Budhanilkantha, Kathmandu, Bagmati Pradesh, 22644, Nepal","Rs16,00,00,000",23 Anna,15ft,6,6,https://nepalhomesearch.com/property/modern-bungalow-sale-budhanilkanta/,North,,2021
Beautiful House at Satdobato of 10 Annas,"Satdobato, Lalitpur, Bagmati Pradesh, 44702, Nepal","Rs7,00,00,000",10 Anna,13ft,13,9,https://nepalhomesearch.com/property/beautiful-house-at-satdobato/,South,,2072
Wonderful Bungalow at Tripureshwor,"Tripureshwar, Kathmandu, Bagmati Pradesh, Nepal","Rs8,00,00,000",10 Anna,13 ft,6,5,https://nepalhomesearch.com/property/wonderful-bungalow-sale-at-tripuresh/,West,5,2010
Star Homes Sitapaila,"Star Homes, Sitapaila, Kathmandu, Bagmati Pradesh, 217, Nepal","Rs4,65,00,000",4.5 Anna,20 ft,4,3,https://nepalhomesearch.com/property/star-homes-sitapaila/,North-east,1,2008
Modern bungalow for sale on 2 ropani at Baneshwor Kathmandu,New Banenshor,Call for price,2 Ropani,13 ft,8,4,https://nepalhomesearch.com/property/modern-bungalow-baneshwor-kathmandu/,North,10,
Mandikhatar House for Sale,"Mandikhatar, Budhanilkantha, Kathmandu, Bagmati Pradesh, 3832, Nepal","Rs17,00,00,000 Per Anna",27 Anna,13 ft,6,5,https://nepalhomesearch.com/property/mandikhatar-house-for-sale/,South,4,
New House for Sale at Mangal Colony Bhaisepati,"Mangal Coloney, Bhaisepati, Sainbu, Lalitpur, Bagmati Pradesh, 13775, Nepal","Rs4,00,00,000",5 Anna,20 ft,5,4,https://nepalhomesearch.com/property/house-for-sale-at-mangal-colony-bhaisepati/,West,1,
Furnished ready to move in house for sale at Bhaisepati Lalitpur,"Bhaisepati, Sainbu, Lalitpur, Bagmati Pradesh, 13775, Nepal","Rs4,40,00,000",0-3-3-3 Anna,20 ft,4,4,https://nepalhomesearch.com/property/furnished-ready-to-move-in-house-for-sale-at-bhaisepati-lalitpur/,North,1,2078
House on sale at Kusunti Lalitpur,"Kusunti height, Lalitpur, Bagmati Pradesh, 40000, Nepal","Rs3,50,00,000",5 Anna,15 ft,4,4,https://nepalhomesearch.com/property/house-on-sale-at-kusunti-lalitpur/,South-east,1,2011
"House urgent sale at Pandu Bazar, Katunje Bhaktapur","Pandu Bazar, Bhaktapur, Bagmati Pradesh, Nepal","Rs3,00,00,000",8 Anna,13 ft,4,3,https://nepalhomesearch.com/property/house-urgent-sale-at-pandu-bazar-katunje-bhaktapur/,East,2,
Grand House For Rent at Lazimpat,"Lazimpat, Kathmandu, Bagmati Pradesh, 9969, Nepal","Rs2,50,000 Per Month",1 Ropani,20 ft,6,7,https://nepalhomesearch.com/property/grand-house-for-rent-at-lazimpat/,West,10,
Significant Villa on sale near Deep Housing Pokhara,"Tallo Dip, Pokhara Metropolitan Ward No. 16, Pokhara, Kaski, Gandaki Pradesh, 60600, Nepal","Rs14,00,00,000 Rs16,50,00,000",2 Ropani,30 ft,5,7,https://nepalhomesearch.com/property/significant-villa-on-sale-near-deep-housing-pokhara/,East,10,
New house on sale at Sano Bharyang Housing Kathmandu,Sano Bharyang Housing Kathmandu,"Rs5,25,00,000",5 Anna,20 ft,4,5,https://nepalhomesearch.com/property/sano-bharyang-housing/,North,1,2020
Attractive old house for sale at Bansbari Kathmandu,"Kapan Road, Bansbari Kathmandu","Rs6,25,00,000",10 Anna,12 ft,3,3,https://nepalhomesearch.com/property/attractive-old-house-for-sale-at-bansbari-kathmandu/,South,3,
6 Bedroom House For Sale at Baluwatar Kathmandu,"Baluwatar, Kathmandu","Rs6,25,00,000",7 Anna,13 ft,6,4,https://nepalhomesearch.com/property/6-bedroom-house-for-sale-at-baluwatar-kathmandu/,South,3,
Beautiful Old House For Sale At Bansbari Kathmandu,"Kapan Marga, Bansbari Kathmandu","Rs6,25,00,000",9.5 Anna,13 ft,4,3,https://nepalhomesearch.com/property/beautiful-old-house-for-sale-at-bansbari-kathmandu/,South,4,
Renovated House For Sale At Chappal Karkhana Kathmandu,Chappal Karkhana,"Rs7,00,00,000",9 Anna,13 ft,5,5,https://nepalhomesearch.com/property/renovated-house-for-sale-at-chappal-karkhana-kathmandu/,South,3,
Southern Heights Housing – House On Sale,"Southern Heights, Godawari 44700, Nepal","Rs4,65,00,000",6 Anna,20 ft,4,4,https://nepalhomesearch.com/property/southern-heights-housing-2/,South-east,2,2011
Bansbari House Sale,"Bansbari, Kathmandu 44600, Nepal","Rs10,00,00,000",12 Anna,18 ft,4,3,https://nepalhomesearch.com/property/bansbari-house-sale/,South,4,2063
7 aana land for sale at Maharajgunj Kathmandu,"Maharajgunj, Kathmandu 44600, Nepal","Rs60,00,000 Per Anna",7 Anna,13 ft,,,https://nepalhomesearch.com/property/7-aana-land-for-sale-at-maharajgunj-kathmandu/,South,,
House on sale at Jhamsikhel Lalitpur,"Jhamsikhel Marg, Lalitpur 44600, Nepal","Rs10,25,00,000",12 Anna,13 ft,5,4,https://nepalhomesearch.com/property/house-on-sale-at-jhamsikhel-lalitpur/,South,5,2060
9 aana land for sale at Lazimpat Kathmandu,European Union Kathmandu,"Rs85,00,000 Per Anna",9 Anna,18 ft,,,https://nepalhomesearch.com/property/9-aana-land-for-sale-at-lazimpat-kathmandu/,South,,
13 aana land for sale at Bishal Nagar Kathmandu,"Bishal Nagar, Kathmandu 44600, Nepal","Rs70,00,000 Per Anna",13 Anna,13 ft,,,https://nepalhomesearch.com/property/13-aana-land-for-sale-at-bishal-nagar-kathmandu/,East,,
House on sale at Kalimati Kathmandu,"Kalimati, Kathmandu 44600, Nepal","Rs9,25,00,000",9.5 Anna,13 ft,5,5,https://nepalhomesearch.com/property/house-on-sale-at-kalimati-kathmandu/,South-east,4,
House sale near Medicity Hospital Bhaisepati,"MANJUSHREE TOLE, Karyabinayak 44600, Nepal","Rs3,60,00,000",4.5 Anna,,5,3,https://nepalhomesearch.com/property/house-sale-near-medicity-hospital-bhaisepati/,,1,2077
Modern House for sale in Lazimpat on 15 aana,"Lazimpat, Kathmandu 44600, Nepal",Call for price,10.25 Anna,30 ft,5,5,https://nepalhomesearch.com/property/modern-house-for-sale-in-lazimpat/,North-west,10,2063
8 aana land for sale at Chapali Budhanilkantha,"Chapali Bhadrakali, Budhanilkantha 44600, Nepal","Rs45,00,000 Per Anna",8 Anna,20 ft,,,https://nepalhomesearch.com/property/8-aana-land-for-sale-at-chapali-budhanilkantha/,East,,
House sale in Rudreshwor Budhanilkantha,"Rudreshwor Chowk Bus Stop, Budhanilkantha 44600, Nepal","Rs3,50,00,000",5 Anna,13 ft,5,5,https://nepalhomesearch.com/property/house-sale-in-rudreshwor-budhanilkantha/,West,1,2077
Sale House at Budhanilkantha,"Budhanilkantha, Nepal","Rs6,00,00,000",9.1 Anna,13 ft,4,5,https://nepalhomesearch.com/property/sale-house-at-budhanilkantha/,South-west,4,2077
Bungalow on sale at Mandikhatar Kathmandu,"Thirbam Sadak, Charkhal Dillibazar Kathmandu.","Rs8,50,00,000",11 Anna,18 ft,5,5,https://nepalhomesearch.com/property/bungalow-on-sale-at-mandikhatar-kathmandu/,East,2,2070
Brand New House On 9 Aana Land For Sale At Budhanilkantha,"Budhanilkantha 44600, Nepal","Rs3,00,00,000",9 Anna,18 ft,5,5,https://nepalhomesearch.com/property/brand-new-house-on-9-aana-land-for-sale-at-budhanilkantha/,North,4,2020
Brand New house for sale at Mandikhatar,"Mandikhatar , Kathmandu","Rs14,50,00,000",15 Anna,20 ft,4,5,https://nepalhomesearch.com/property/brand-new-house-for-sale-at-mandikhatar/,North-east,4,2078
A furnished house for sale at Civil Homes Khumaltar Lalitpur.,"M84M+H47, Lalitpur 44700, Nepal","Rs3,75,00,000",4 Anna,13,4,4,https://nepalhomesearch.com/property/a-furnished-house-for-sale-at-civil-homes-khumaltar-lalitpur/,South-east,1,2012
Flat system house for sale at Aarubari Boudha,"Arubari,, काठमाडौँ 44600, Nepal","Rs1,80,00,000",,10 ft,6,3,https://nepalhomesearch.com/property/house-for-sale-at-aarubari-boudha/,East,1,2017
House for sale on 1 ropani at Mandikhatar Kathmandu,"Mandikhatar , Kathmandu , Nepal,","Rs12,00,00,000",1 Ropani,16 ft,4,4,https://nepalhomesearch.com/property/house-for-sale-on-1-ropani-at-mandikhatar/,South,4,2002
Budhanilkantha Villa,"Siddhartha Colony Road, Budhanilkantha 44600, Nepal","Rs15,00,00,000",18 Anna,20 ft,6,5,https://nepalhomesearch.com/property/budhanilkantha-villa/,South-east,5,2021
12 aana house only land cost at Gwarko Lalitpur,"Gwarko, Lalitpur, Nepal","Rs6,00,00,000 Per Anna",12 Anna,13 ft,8,4,https://nepalhomesearch.com/property/house-only-land-cost-at-gwarko-lalitpur/,South-east,1,
10 Anna Land for sale at Budhanilkantha,"Sunrise Bank, Budhanilkantha Kathmandu","Rs40,50,000 Per Anna",10 Anna,13 ft,,,https://nepalhomesearch.com/property/10-anna-land-for-sale-at-budhanilkantha/,South,,
Civil Homes Sunakothi- House for sale,"Civil Homes, Thecho 44710, Nepal","Rs5,25,00,000",7 Aana,20 ft,4,3,https://nepalhomesearch.com/property/civil-homes-sunakothi/,North-west,1,
Sitapaila Luxury Villa Sale,"Sitapaila, Nagarjun 44600, Nepal","Rs17,00,00,000",20 Anna,13 ft,5,7,https://nepalhomesearch.com/property/sitapaila-luxury-villa-sale/,East,5,2068
Modern house for sale at Budhanikantha Kathmandu,"Budhanilkantha 44600, Nepal","Rs6,50,00,000",8 Anna,13 ft,5,3,https://nepalhomesearch.com/property/modern-house-for-sale-at-budhanikantha/,South,1,2060
Single Story house for sale at Sipadol Bhaktapur,"Sipadol, Suryabinayak, Nepal","Rs1,50,00,000",4 Aana,13 ft,2,1,https://nepalhomesearch.com/property/house-for-sale-at-sipadol-bhaktapur/,South-east,1,2078
Single story house for sale at Imadol Lalitpur,"Imadol, Mahalaxmi, Nepal","Rs1,45,00,000",3 Anna,13 ft,2,2,https://nepalhomesearch.com/property/single-story-house-for-sale-at-imadol-lalitpur/,East,1,2078
Single Story house for sale at Balkot,"Balkot, Nepal","Rs1,45,00,000",,13 ft,2,1,https://nepalhomesearch.com/property/single-story-house-for-sale-at-balkot/,East,1,2078
House for sale at Bafal on 5 aana land.,"Bafal Marg, Kathmandu 44600, Nepal","Rs3,65,00,000",5 Aana,12 ft,7,3,https://nepalhomesearch.com/property/house-for-sale-at-bafal/,South-west,2,2063
Cheap new attractive house for sale in Bhaktapur,"Sudal, Nepal","Rs1,05,00,000",0-3-2-0 Anna,10 ft,2,2,https://nepalhomesearch.com/property/house-for-sale-in-bhaktapur/,West,1,2075
1 story house for sale at Thankot,"Thankot, Chandragiri, Nepal","Rs95,00,000",0-3-2-1 Aana,13,2,1,https://nepalhomesearch.com/property/1-story-house-for-sale-at-thankot/,East,1,2074
"New house for sale at Bharatpur 11, Chitwan","Bharatpur 44200, Nepal","Rs1,55,00,000",4 Aana,6 Meters,4,4,https://nepalhomesearch.com/property/new-house-for-sale-at-bharatpur-11-chitwan/,East,1,2074
Single story house for sale at Matatirtha,"Matatirtha, Chandragiri 44600, Nepal","Rs87,00,000",3 Aana,13,2,1,https://nepalhomesearch.com/property/single-story-house-for-sale-at-matatirtha/,North,1,2021
80 lakh only at Britamode Jhapa,"Birtamode, Nepal","Rs80,00,000",10 Dhur,20 ft,4,2,https://nepalhomesearch.com/property/80-lakh-only-at-britamod-jhapa/,,2,
Below 1 crore house at Sainamaina Rupandehi,"Sainamaina, Nepal","Rs70,00,000",8 Dhur,13 ft,2,2,https://nepalhomesearch.com/property/house-at-sainamaina-rupandehi/,North,,2071
CG Housing Sunakothi Lalitpur,"Sunakothi, Lalitpur 44700, Nepal","Rs3,10,00,000 Rs3,50,00,000",4 Anna,20 ft,4,3,https://nepalhomesearch.com/property/cg-housing-sunakothi-lalitpur/,West,1,2021
A beautiful house for sale near Chandragiri Cable Car,"44619, चन्द्रागिरी 44619, Nepal","Rs4,00,00,000",15.5 Anna,14 ft,5,4,https://nepalhomesearch.com/property/house-for-sale-chandragiri-cable-car/,South,,2010
Beautiful house for sale at Chandol Kathmandu,"Chandol, Kathmandu 44600, Nepal","Rs6,00,00,000",7 Anna,13 ft,4,5,https://nepalhomesearch.com/property/house-for-sale-at-chandol/,East,2,2010
डिल्लीबजारमा भाडा खाने घर बिक्रीमा,"Thirbam Sadak, Charkhal Dillibazar Kathmandu.","Rs10,00,00,000",6.5 Aana,13 ft,33,13,https://nepalhomesearch.com/property/%e0%a4%a1%e0%a4%bf%e0%a4%b2%e0%a5%8d%e0%a4%b2%e0%a5%80%e0%a4%ac%e0%a4%9c%e0%a4%be%e0%a4%b0%e0%a4%ae%e0%a4%be-%e0%a4%ad%e0%a4%be%e0%a4%a1%e0%a4%be-%e0%a4%96%e0%a4%be%e0%a4%a8%e0%a5%87-%e0%a4%98/,North,2,
"House for sale in Southern Heights Housing, Thaiba Lalitpur","Southern Heights, Godawari 44700, Nepal","Rs4,50,00,000",6 Anna,20 ft,4,4,https://nepalhomesearch.com/property/house-for-sale-in-southern-heights-housing/,South-west,2,
11 aana land with house on sale in Grande Villa House (Gongabu Tokha),"Thirbam Sadak, Charkhal Dillibazar Kathmandu.","Rs5,85,00,000",,12,6,6,https://nepalhomesearch.com/property/11-aana-land-with-house-on-sale-in-grande-villa-house-gongabu-tokha/,North,,2073
House for sale on 5.5 aana at Khumaltar Lalitpur.,"Khumaltar, Lalitpur 44700, Nepal","Rs3,40,00,000",0-5-3-0 Aana,13 ft,5,3,https://nepalhomesearch.com/property/house-for-sale-in-khumaltar-lalitpur/,East,4,2019
A house for sale in Bhaisepati on 11 aana land,"Bhaisepati, Karyabinayak, Nepal","Rs5,35,00,000",11 Anna,13 ft,6,5,https://nepalhomesearch.com/property/house-for-sale-in-bhaisepati/,West,4,2019
Single story house for sale at Galeshwor Pokhara,"Nirajan Chowk Bus Stop, पोखरा 33700, Nepal","Rs1,75,00,000",7.5 Anna,20 ft,3,2,https://nepalhomesearch.com/property/house-for-sale-at-galeshwor-pokhara/,East,5,
Ready to move in houses on sale in Hattiban Lalitpur,"Hattiban, Lalitpur 44700, Nepal","Rs2,80,00,000",3 Aana,6 Meters,5,4,https://nepalhomesearch.com/property/houses-on-sale-in-hattiban-lalitpur/,West,1,2021
Lovely old house for sale at Chabahil Kathmandu,"Chabahil, Kathmandu 44600, Nepal","Rs12,00,00,000",20 Anna,15 ft,4,4,https://nepalhomesearch.com/property/lovely-old-house-for-sale-at-chabahil/,South,5,2003
Brand new house in Bhaisepati Lalitpur,"Bhaisepati, Karyabinayak, Nepal","Rs3,75,00,000",4 Aana,13 ft,6,5,https://nepalhomesearch.com/property/brand-new-house-in-bhaisepati/,West,1,2021
European style house on 6.5 annas on sale at Bhaisepati Lalitpur,"Gokul Awash, Bhaisepati, Sainbu, Lalitpur, Bagmati Pradesh, 13775, Nepal","Rs4,75,00,000",6.5 Aana,20 ft,5,4,https://nepalhomesearch.com/property/european-style-house/,North-east,2,2020
"8 eye-catching homes on sale at Scenic Housing, Thaiba Lalitpur","Scenic Housing, Thaiba-South, Jharuwarasi, Godawari, Lalitpur, Bagmati Pradesh, 41700, Nepal","Rs1,80,00,000",3 Anna,6 Meters,4,3,https://nepalhomesearch.com/property/scenic-housing/,East,1,2018
One-story house on sale at Tikathali,"Tikathali, Mahalaxmi, Lalitpur, Bagmati Pradesh, Nepal","Rs1,20,00,000",0-2-3-3 Anna,12 ft,2,2,https://nepalhomesearch.com/property/one-story-house-on-sale-at-tikathali/,South,2,2021
Single story house for sale at Thali Kathmandu,"Thali, Kageshwari-Manohara, Kathmandu, Bagmati Pradesh, 46603, Nepal","Rs1,10,00,000",0-3-1-2 Anna,10 ft,2,1,https://nepalhomesearch.com/property/single-story-house-for-sale-at-thali-kathmandu/,South-east,1,2021
4.5 aana bungalow on Dhapasi Kathmandu,"Dhapasi Height, Tokha, Kathmandu, Bagmati Pradesh, 44607, Nepal","Rs3,80,00,000",4.5 Anna,20 ft,6,5,https://nepalhomesearch.com/property/bungalow-on-dhapasi-kathmandu/,North,1,2021
Ready to move 2 houses on sale at Shantinagar Kathmandu.,"Shantinagar, Kathmandu, Bagmati Pradesh, Nepal","Rs4,95,00,000",0-4-1-0 Anna,24 ft,6,4,https://nepalhomesearch.com/property/houses-on-sale-at-shantinagar/,North-east,1,2021
Old house on 8 aana land for sale at Old Baneshwor,"Old Baneshwor, Kathmandu, Bagmati Pradesh, 34, Nepal","Rs5,04,00,000",8 Anna,10 ft,5,3,https://nepalhomesearch.com/property/old-house-on-8-aana-land-for-sale-at-old-baneshwor/,,2,
Single-family house for sale in Baluwatar Kathmandu,"Baluwatar, Kathmandu Metropolitan Ward 4, Kathmandu, Bagmati Pradesh, 44616, Nepal","Rs4,00,00,000",0-3-1-0 Aana,,3,5,https://nepalhomesearch.com/property/house-for-sale-in-baluwatar-kathmandu/,East,1,2019
Fully furnished home on sale Karyabinayak Homes Bhaisepati,"Karyabinayak Homes, Bhaisepati Lalitpur","Rs2,70,00,000",0-3-2-0 Aana,,4,4,https://nepalhomesearch.com/property/karyabinayak-homes/,South-east,1,2020
"Brand new home on sale at Pepsicola, Kageshwori Manohara","Pepsicola, Kageshwori Manohara Municipality Kathmandu","Rs3,25,00,000",4 Anna,14,4,4,https://nepalhomesearch.com/property/brand-new-home-on-sale-at-pepsicola/,North-west,1,2020
House in Civil Homes Bhaisepati,"Civil Homes, Bhaisepati, Sainbu, Lalitpur","Rs4,50,00,000",6 Anna,,4,4,https://nepalhomesearch.com/property/house-in-civil-homes-bhaisepati/,South-east,3,2005
House for sale on 9 aana at Bafal,Bafal Kathmandu,"Rs7,00,00,000",9.5 Anna,,3,4,https://nepalhomesearch.com/property/house-for-sale-on-9-aana-at-bafal/,East,4,2060
Flat system house on sale at Sukedhara Kathmandu,"Sukedhara, Kathmandu,","Rs3,50,00,000",5 Anna,,10,5,https://nepalhomesearch.com/property/flat-system-house-on-sale-at-sukedhara-kathmandu/,South,1,2063
"A beautiful home for sale near Deuba Residence, Budhanilkantha","Deuba Residence, Budhanilkantha Kathmandu","Rs4,75,00,000",6 Anna,,5,5,https://nepalhomesearch.com/property/a-beautiful-home-for-sale-near-deuba-residence-budhanilkantha-kathmandu/,,1,2018
House for sale at Maitidevi Kathmandu,"Maitidevi, Kathmandu","Rs3,70,00,000",5.1 Anna,,6,4,https://nepalhomesearch.com/property/house-for-sale-at-maitidevi-kathmandu/,,2,2016
"Classic house for sale at Man Bahadur Marg, Golfutar","Sundarbasti, Golfutar Kathmandu","Rs4,25,00,000",7 Anna,,5,5,https://nepalhomesearch.com/property/classic-house-for-sale-at-man-bahadur-marg-golfutar/,,2,2018
"House on sale at Padma Colony, Ramkot, Nagarjun Kathmandu!","Padma Colony, Ramkot, Nagarjun, Kathmandu","Rs1,95,00,000",0-4-3-0 Anna,,3,3,https://nepalhomesearch.com/property/house-on-sale-at-padma-colony-ramkot-nagarjun-kathmandu/,,1,2000
Flat system house for sale at Batisputali Kathmandu,Batisputali Kathmandu,"Rs2,50,00,000",0-3-1-0 Anna,,8,4,https://nepalhomesearch.com/property/flat-system-house-for-sale-at-batisputali-kathmandu/,,1,2010
House on 24 anna land for sale at Bhaisepati Lalitpur,Bhaisepati Lalitpur,"Rs15,00,00,000",24 Anna,,3,4,https://nepalhomesearch.com/property/house-on-24-anna-land-for-sale-at-bhaisepati-lalitpur/,,4,2010
Modern bungalow for sale at Budhanilkantha Kathmandu,Budhanilkantha Kathmandu,"Rs9,50,00,000 Rs11,00,00,000",20 Anna,,5,5,https://nepalhomesearch.com/property/bungalow-for-sale-at-budhanilkantha/,,5,2015
A modern house for sale at Sanepa Lalitpur,"Sanepa, Lalitpur","Rs6,50,00,000",8 Anna,,4,4,https://nepalhomesearch.com/property/a-modern-house-for-sale-at-sanepa-lalitpur/,,2,2018
Only one out of 108 houses for sale at Deep housing Pokhara,Deep Housing Pokhara,"Rs5,00,00,000",0-8-1-2 Anna,,4,4,https://nepalhomesearch.com/property/only-one-out-of-108-houses-for-sale-at-deep-housing-pokhara/,,2,2018
Modern house for sale on 18 anna at Budhanilkantha,Budhanilkantha Kathmandu,"Rs9,25,00,000",18 Anna,,5,5,https://nepalhomesearch.com/property/modern-house-for-sale-on-18-anna-at-budhanilkantha/,,5,2018
Semi commercial house for sale at Khursanitar Lazimpat,"Khursanitar Marg, Lazimpat Kathmandu","Rs5,50,00,000",8 Anna,,,,https://nepalhomesearch.com/property/semi-commercial-house-for-sale-at-khursanitar-lazimpat/,,,2010
A single story house for sale at Sitapaila Kathmandu,Sitapaila Kathmandu,"Rs2,00,00,000",4 Anna,,3,1,https://nepalhomesearch.com/property/a-single-story-house-for-sale-at-sitapaila-kathmandu/,,2,2019
Ravi Bhawan Kathmandu,Ravi Bhawan Kathmandu,"Rs43,00,00,000",72 Anna,,10,7,https://nepalhomesearch.com/property/ravi-bhawan-kathmandu/,,100,1998
Modern House on 10 Anna land on sale at Bafal Kathmandu,Bafal Kathmandu,"Rs8,50,00,000",10.5 Anna,,3,4,https://nepalhomesearch.com/property/modern-house-on-10-anna-land-on-sale-at-bafal-kathmandu/,None,4,2010
"Modern bungalow for sale at Min Bhawan, Baneshwor","Min Bhawan, Baneshwor Kathmandu","Rs16,50,00,000",17 Anna,,5,6,https://nepalhomesearch.com/property/bungalow-for-sale-at-min-bhawan/,,5,2010
3 BHK House For Sale At Samakhushi Kathmandu,Samakhushi Kathmandu,"Rs3,25,00,000",3 Anna,,3,3,https://nepalhomesearch.com/property/3-bhk-house-for-sale-at-samakhushi-kathmandu/,,1,2013
House for sale at Nayabazar Kathmand made on 10 aana,"Rayamajhi Tol, Nayabazar Kathmandu","Rs4,72,50,000",10.5 Anna,,5,5,https://nepalhomesearch.com/property/house-for-sale-at-nayabazar-made-on-10-aana/,,3,2000
Very Very Urgent Sale House At Gothatar Kathmandu,Kageshwari-Manohara Municipality Gothatar,"Rs2,00,00,000",3 Anna,,5,3,https://nepalhomesearch.com/property/very-very-urgent-sale-house-at-gothatar-kathmandu/,,1,2020
"Urgent sale – Flat system house at Gothatar, Kathmandu","Kageshwari-Manohara Municipality, Gothatar Kathmandu","Rs4,75,00,000",7.1 Anna,,5,4,https://nepalhomesearch.com/property/urgent-sale-flat-system-house-at-gothatar-mulpani/,,2,2020
Dream home at Godawari Lalitpur,"Godavari, Godawari, Lalitpur","Rs6,75,00,000",36 Anna,20 ft,3,3,https://nepalhomesearch.com/property/dream-home-for-sale-at-godawari/,South,3,1998
Modern bungalow on 31 anna for sale at Sitapaila Kathmandu,"New Colony, Sitapaila Kathmandu","Rs15,25,00,000",31 Anna,,5,5,https://nepalhomesearch.com/property/modern-bungalow-on-31-anna-for-sale-at-sitapaila-kathmandu/,,10,2009
Urgent sale a house at Golfutar Kathmandu,Golfutar Kathmandu,"Rs2,70,00,000",4.1 Anna,,5,4,https://nepalhomesearch.com/property/urgent-sale-a-house-at-golfutar-kathmandu/,,1,
"House for sale at Chhauni Housing, Chhauni Kathmandu","Chhauni Housing, Chhauni Kathmandu","Rs4,10,00,000",4.5 Anna,,5,4,https://nepalhomesearch.com/property/fresh-house-for-sale-at-chhauni-housing-chhauni-kathmandu/,,2,
Attractive house for sale in Valley Homes Sunakothi Lalitpur,"Valley Homes, Satitar, Sunakothi, Lalitpur","Rs5,85,00,000",8 Anna,,4,4,https://nepalhomesearch.com/property/valley-homes-sunakothi/,,2,2016
"New house for sale near Kuwar Colony, Dhapasi","Kuwar Colony, Dhapasi","Rs3,25,00,000",6 Anna,,5,4,https://nepalhomesearch.com/property/new-house-for-sale-near-kuwar-colony-dhapasi/,,2,2020
An old house for sale at Gairidhara Kathmandu,Gairidhara Kathmandu,"Rs5,50,00,000",6.93 Anna,,5,3,https://nepalhomesearch.com/property/an-old-house-for-sale-at-gairidhara-kathmandu/,,,
2 houses are for sale in one compound at Bhaisepati Lalitpur,Bhaisepati Lalitpur,"Rs17,85,00,000",27 Anna,,8,9,https://nepalhomesearch.com/property/2-houses-are-for-sale-in-one-compound-at-bhaisepati-lalitpur/,,10,2020
"House on sale at Milanchowk, Baneshwor Kathmandu",Milanchowk Baneshwor Kathmandu,"Rs8,50,00,000",10.5 Anna,,5,4,https://nepalhomesearch.com/property/house-on-sale-at-milanchowk-baneshwor-kathmandu/,,5,1990
House for sale in Sanepa,Sanepa Lalitpur,"Rs5,00,00,000",5.5 Anna,,2,3,https://nepalhomesearch.com/property/house-for-sale-in-sanepa/,,3,2005
"Home for sale in Chhauni Housing, Chhauni Kathmandu","Chhauni Housing, Chhauni Kathmandu","Rs3,50,00,000",4.5 Anna,,4,3,https://nepalhomesearch.com/property/home-for-sale-in-chhauni-housing-chhauni-kathmandu/,,1,2008
A modern classic style house for sale at Budhanilkantha Kathmandu,Budhanilkantha Kathmandu,"Rs5,50,00,000",7.5 Anna,,5,5,https://nepalhomesearch.com/property/a-modern-classic-style-house-for-sale-at-budhanilkantha-kathmandu/,,3,2000
"Bungalow on sale at Narayantar, Bouddha Jorpati","Narayantar, Bouddha Jorpati","Rs13,50,00,000",2 Ropani,,6,6,https://nepalhomesearch.com/property/bungalow-on-sale-at-narayantar-bouddha-jorpati/,,10,2099
,,,,,,,https://nepalhomesearch.com/property/house-for-sale-at-lazimpat-kathmandu/,,,
A beautiful house is for sale in Budhanilkantha Siddhartha Colony,"Siddhartha Colony, Budhanilkantha","Rs3,80,00,000",7 Anna,,4,4,https://nepalhomesearch.com/property/a-beautiful-house-is-for-sale-in-budhanilkantha-siddhartha-colony/,,2,2018
Bungalow for sale on 2 ropanis of land in Kupandol Ghusingal,Kupandole Ghushingal,"Rs21,00,00,000",30 Anna,,7,7,https://nepalhomesearch.com/property/bungalow-for-sale-on-2-ropanis-of-land-in-kupandol-ghusingal/,,10,2000
House for sale at Green Hill City,Green Hill City Imadol,"Rs4,30,00,000",5 Anna,,5,4,https://nepalhomesearch.com/property/ready-to-move-house-for-sale-at-green-hill-city-imadol/,,2,2020
Old house for sale on 20 Anna land at Manbhawan Lalitpur,"AVM Chowk, Manbhawan , Lalitpur","Rs11,00,00,000",20 Anna,,10,5,https://nepalhomesearch.com/property/old-house-for-sale-on-20-anna-land-at-manbhawan-lalitpur/,,10,2000
A house on 8 annas is for sale in Hattisar Kathmandu,Hattisar Kathmandu,"Rs8,00,00,000",8 Anna,,9,6,https://nepalhomesearch.com/property/a-house-on-8-annas-is-for-sale-in-hatisar-kathmandu/,,,2000
Semi commercial new house for sale at Thankot Kathmandu,"Thānkot, Chandragiri, Kathmandu,","Rs3,25,00,000",5.5 Anna,,4,4,https://nepalhomesearch.com/property/semi-commercial-new-house-for-sale-at-thankot-kathmandu/,,1,2020
"Ready to move houses near High Vision Colony, Thankot","Thānkot, Chandragiri, Kathmandu","Rs3,25,00,000",5 Anna,,5,4,https://nepalhomesearch.com/property/ready-to-move-houses/,,1,2020
10 aana land with old house for sale at Shantinagar Kathmandu,10 aana land with old house for sale at Shantinagar Kathmandu,"Rs5,50,00,000",10 Anna,,5,3,https://nepalhomesearch.com/property/10-aana-land-with-old-house-for-sale-at-shantinagar-kathmandu/,,1,1995
Decent house for sale at Chapali Budhanilkantha,Decent house for sale at Chapali Budhanilkantha,"Rs8,00,00,000",15 Anna,,3,3,https://nepalhomesearch.com/property/house-for-sale-at-chapali/,,4,2010
Exclusive bungalow for sale at Budhanilkantha Kathmandu.,Exclusive bungalow for sale at Budhanilkantha,Call for price,29 Anna,,5,7,https://nepalhomesearch.com/property/exclusive-bungalow-for-sale-at-budhanilkantha-kathmandu/,,10,2015
A house for sale in Chandol Kathmandu,A house for sale in Chandol Kathmandu,"Rs3,50,00,000",5 Anna,,4,4,https://nepalhomesearch.com/property/a-house-for-sale-in-chandol-kathmandu/,,2,2012
Ghar Jagga on sale at Tinkune Kathmandu.,"Thirbam Sadak, Charkhal Dillibazar Kathmandu.","Rs2,35,00,000",4 Anna,,2,1,https://nepalhomesearch.com/property/ghar-jagga-on-sale-at-tinkune-kathmandu/,,1,1995
Lavish home at Sanepa,"Sanepa, Lalitpur, Bagmati Pradesh","Rs16,00,00,000",19 Anna,,6,6,https://nepalhomesearch.com/property/lavish-home-for-sale-at-sanepa/,,4,2010
Spontaneous 5 BHK bungalow at Budhanilkantha,Spontaneous 5 BHK bungalow at Budhanilkantha,"Rs10,50,00,000",21 Anna,,5,6,https://nepalhomesearch.com/property/spontaneous-5-bhk-bungalow-at-budhanilkantha/,,4,
"Booking open at Narayanthan Residency, Budhanilkantha","Narayanthan Residency, Budhaniklantha","Rs3,25,00,000",0-4-1-0 Anna,,4,4,https://nepalhomesearch.com/property/booking-open-at-narayanthan-residency-budhanilkantha/,,2,
Flat system house on sale at Milanchowk Baneshwor,"Milanchowk, New Baneshwor Kathmandu","Rs5,00,00,000",0-4-3-3 Anna,,5,4,https://nepalhomesearch.com/property/flat-system-house-on-sale-at-milanchowk-baneshwor/,,2,2018
Om Niwash on sale in 1.5 ropani at Bhimsengola Kathmandu,Om Niwash Bhimsengola Kathmandu,"Rs15,50,00,000",,,5,5,https://nepalhomesearch.com/property/om-niwash-on-sale-in-1-5-ropani-at-bhimsengola-kathmandu/,,5,2000
House for sale on 7 anna at Rose Village Balkot Bhaktapur.,"Rose Village Housing, Balkot,","Rs7,00,00,000",7 Anna,,5,9,https://nepalhomesearch.com/property/house-for-sale-rose-village-balkot/,,2,2019
Two houses for sale at Tahachal Kathmandu,"Tahachal, Kathmandu","Rs10,00,00,000",10.5 Anna,,12,12,https://nepalhomesearch.com/property/two-houses-for-sale-at-tahachal/,,8,2020
Flat system house for sale on 5 anna at Satungal,"Sangam Basti, Satungal Chandragiri Municipality Kathmandu","Rs3,00,00,000",5 Anna,,6,4,https://nepalhomesearch.com/property/flat-system-house-for-sale-at-satungal/,,2,2015
House for sale at Road Show Housing Budhanilkantha,Road Show Housing Budhanilkantha,"Rs4,60,00,000",5.5 Anna,,5,3,https://nepalhomesearch.com/property/road-show-housing-budhanilkantha/,,1,2020
Cottage built in 10 ropanis for sale in Lamatar Lalitpur,"Lamatar, Mahalaxmi, Lalitpur","Rs25,00,00,000",10-4-0-0 Ropani,,2,2,https://nepalhomesearch.com/property/cottage-for-sale-in-lamatar-llitpur/,,4,2005
Modern house for sale on 2 ropani at Budhanilkantha,"Buddha Colony, Budhanilantha Kathmandu","Rs10,50,00,000",2 Ropani,,5,5,https://nepalhomesearch.com/property/modern-house-for-sale-budhanilkantha/,,10,2015
"Independent House For Sale In Hattiban Housing, Lalitpur",Hattiban lalitpur,"Rs5,00,00,000",5 Anna,,4,4,https://nepalhomesearch.com/property/hattiban-housing-house-sale/,,2,2020
A modern house for sale Mahalaxmisthan Lalitpur,"Kusunti height, Malalaxmi chowk ring road","Rs13,00,00,000",19 Anna,,4,4,https://nepalhomesearch.com/property/a-modern-house-for-sale-mahalaxmisthan-lalitpur/,,5,2020
Mansion for sale at Budhanilkantha Kathmandu,"Budhanilkantha, Kathmandu,","Rs17,00,00,000",31 Anna,,5,5,https://nepalhomesearch.com/property/mansion-budhanilkantha/,,10,2020
Flat system house for sale on 4 annas at Mandikhatar,"Shridi Colony, Mandikhatar Kathmandu","Rs2,50,00,000",4 Anna,,7,3,https://nepalhomesearch.com/property/flat-system-house-for-sale-at-mandikhatar/,,1,
House for sale at Reliable Colony Bhaisepati Lalitpur,Reliable Colony Bhaisepati,"Rs2,50,00,000",0-3-2-3 Anna,,6,4,https://nepalhomesearch.com/property/house-for-sale-at-reliable-colony/,,1,2008
House for sale built on 8 anna at Sanepa Lalitpur,"Sanepa, Lalitpur, Bagmati Pradesh, SANEPA-2, Nepal","Rs6,00,00,000",,,5,5,https://nepalhomesearch.com/property/house-for-sale-built-on-8-anna-at-sanepa-lalitpur/,,2,2018
House built in 5 Anna for sale in Bhaisepati Lalitpur,"Bhaisepati, Karyabinayak, Nepal","Rs3,00,00,000",5 Anna,,4,4,https://nepalhomesearch.com/property/house-built-in-5-anna-for-sale-in-bhaisepati-lalitpur/,,2,2010
Classic house for sale on 4.1 anna at Budhanilkantha,"Siddhartha Colony Road, Budhanilkantha 44600, Nepal","Rs3,50,00,000",4.1 Anna,,5,5,https://nepalhomesearch.com/property/house-for-sale-at-budhanilkantha-2/,,1,2020
Flat system house for sale on 4.5 Anna at Sano Bharyang KTM,"Sano Bharyang ,Kathmandu 44600, Nepal","Rs3,25,00,000",4.5 Anna,,5,4,https://nepalhomesearch.com/property/house-for-sale-sano-bharyang-kathmandu/,,1,2019
House on 14 aana at Dhapasi for sale,"Dhapasi, Kathmandu, near Krishna Mandir","Rs7,00,00,000 Rs7,50,00,000",14 Anna,,6,6,https://nepalhomesearch.com/property/house-on-14-aana-at-dhapasi-for-sale/,South,6,
Modern classic designed house for sale at Budhanilkantha,"Budhanilkantha, काठमाडौँ 44600, Nepal","Rs5,50,00,000",7.75 Anna,,5,5,https://nepalhomesearch.com/property/house-for-sale-at-budhanilkantha/,,2,2020
Flat system house for sale at Dhapasi Height Kathmandu,"Dhapasi Marg, Tokha, Kathmandu, Bagmati Pradesh, 44607, Nepal","Rs3,25,00,000",4 Anna,,6,4,https://nepalhomesearch.com/property/flat-system-house-for-sale-at-dhapasi-height-kathmandu/,,1,2015
A beautiful house for sale at Gairidhara Kathmandu,"Lazimpat, Kathmandu 44600, Nepal","Rs6,50,00,000",6.5 Anna,,5,5,https://nepalhomesearch.com/property/house-for-sale-at-gairidhara-2/,,1,2010
House for sale at Panipokhari Heights Housing Panipokhari,Panipokhari Heights Housing Panipokhari,"Rs7,25,00,000",4.5 Anna,,4,4,https://nepalhomesearch.com/property/panipokhari-heights-housing-sale/,,1,2018
Splendid Villa for sale in Kathmandu,"Chapali Bhadrakali, Budhanilkantha 44600, Nepal","Rs30,00,00,000",52 Anna,,4,5,https://nepalhomesearch.com/property/villa-for-sale-in-kathmandu/,,10,
Bungalow on 22 annas for sale at Kusunti Lalitpur,"Kusunti, Lalitpur 44700, Nepal","Rs10,00,00,000",22.75 Anna,,5,5,https://nepalhomesearch.com/property/bungalow-on-22-annas-for-sale-at-kusunti-lalitpur/,,5,2005
"3BHK Modern House on Sale in Imadol, Gwarko, Lalitpur",Imadol,"Rs1,35,00,000",2 anna,,3,2,https://nepalhomesearch.com/property/3bhk-modern-house-on-sale-in-imadol-gwarko-lalitpur/,,1,2072
A pleasant home for sale in Rose Villa,"Rose Villa, Siddhartha Colony Road, Budhanilkantha","Rs5,80,00,000",7 Anna,,5,6,https://nepalhomesearch.com/property/home-for-sale-in-rose-villa/,,3,2019
House for sale on 8.1 anna at Siddhartha Colony,"Siddhartha Colony Road, Budhanilkantha 44600, Nepal","Rs4,10,00,000",8.1 Anna,,4,4,https://nepalhomesearch.com/property/house-for-sale-on-8-1-anna-land-at-siddhartha-colony-budhanilkantha/,,3,2017
Semi commercial house for sale at Imadol Lalitpur,"Imadol, Mahalaxmi, Nepal","Rs6,00,00,000",14 Anna,,9,4,https://nepalhomesearch.com/property/semi-commercial-house-in-imadol/,,5,2010
"House for sale on 10 anna land at Tinkune, Subidhanagar!",Tinkune Kathmandu,"Rs6,00,00,000",10 Anna,,5,5,https://nepalhomesearch.com/property/house-for-sale-on-10-anna-land-at-tinkune-kathmandu/,,5,2005
Modern house for sale at Maligaun Kathmandu,"Hadigaun Marg, Kathmandu 44600, Nepal","Rs7,50,00,000",11 Anna,,4,5,https://nepalhomesearch.com/property/house-for-sale-at-maligaun/,,4,2010
House for sale at Sano Bharyang Kathmandu.,Sanobharyang Kathmandu,"Rs2,30,00,000",0-3-1-1 Anna,,5,4,https://nepalhomesearch.com/property/house-for-sale-at-sanobharyang-kathmandu/,,1,2018
"House for sale in Sunrise Homes, Balkumari Lalitpur","Sunrise Homes, Balkumari Lalitpur","Rs4,50,00,000",4.5 Anna,,3,4,https://nepalhomesearch.com/property/house-for-sale-in-sunrise-homes-balkumari-lalitpur/,,1,
Flat system house for sale at Chakupat Lalitpur,"Chakupat, Lalitpur","Rs3,50,00,000",4.5 Anna,,6,3,https://nepalhomesearch.com/property/flat-system-hosue-in-chakupat/,,2,
Old house for sale in Mahalaxmisthan,"Mahalaxmisthan, Lalitpur","Rs7,00,00,000",14 Anna,,5,4,https://nepalhomesearch.com/property/old-house-for-sale-in-mahalaxmisthan-lagankhel/,,4,
"House for sale on 7 annas Near Veenas Residency, Tokha","Tokha, Nepal","Rs3,65,00,000",7 Anna,,4,4,https://nepalhomesearch.com/property/house-for-sale-on-7-annas-near-veenas-residency/,,2,2019
"House for sale at Veenas Residency, Tokha","Veenas Residency, Tokha, Kathmandu","Rs3,25,00,000",5 Anna,,3,3,https://nepalhomesearch.com/property/house-for-sale-at-veenas-residency-tokha/,,3,
Flat system house for sale at Samakhushi Kathmandu,"Samakhusi, Kathmandu","Rs3,50,00,000",5 Anna,,5,3,https://nepalhomesearch.com/property/a-flat-system-house-for-sale/,,2,
House for sale on 1 Ropani in Dhapasi Kathmandu,"Dhapasi, Kathmandu",Call for price,,,,,https://nepalhomesearch.com/property/house-for-sale-in-dhapasi/,,,
House for sale in 7 annas in Dallu Kathmandu,"Dallu, Kathmandu 44600, Nepal","Rs5,50,00,000",7 Anna,,6,4,https://nepalhomesearch.com/property/house-for-sale-in-7-annas-in-dallu-kathmandu/,,2,
House on 9 anna land for sale at Hepali Kathmandu,Hepali Kathmandu,"Rs7,00,00,000",9 Anna,,4,5,https://nepalhomesearch.com/property/a-house-built-on-9-anna-land-for-sale-at-hepali/,,3,
House for sale on 14 annas of land in Ghattekulo Kathmandu,"Ghattekulo, Kathmandu","Rs10,00,00,000",14 Anna,,10,7,https://nepalhomesearch.com/property/house-for-sale-on-14-annas-of-land-in-ghattekulo-kathmandu/,,4,
Old house for sale on 5.5 anna land at Tudaldevi Kathmandu,"Tudaldevi Baluwatar, Kathmandu","Rs4,00,00,000",5.5 Anna,,4,3,https://nepalhomesearch.com/property/old-house-for-sale-on-5-5-anna-land-at-tudaldevi/,,1,
House for sale on 3 aana land at Buddhanagar Kathmandu,"Buddhanagar, Kathmandu 44600, Nepal","Rs3,10,00,000",3 Anna,,6,4,https://nepalhomesearch.com/property/house-for-sale-on-3-aana-land-at-buddhanagar-kathmandu/,,1,2019
House for sale on 10 aana land at Khumaltar Height,"Satdobato, Lalitpur 44700, Nepal","Rs6,00,00,000",10 Anna,,3,3,https://nepalhomesearch.com/property/house-for-sale-on-10-aana-land-at-khumaltar-height/,,4,
New house for sale at Pasikot Budhanilkantha,"Pasikot, Budhanilkantha","Rs2,80,00,000",4.5 Anna,,6,4,https://nepalhomesearch.com/property/new-house-for-sale-at-pasikot-budhanilantha/,,1,2020
Modern house for sale in Civil Homes Tinthana,"Thirbam Sadak, Charkhal Dillibazar","Rs3,50,00,000",0-6-2-3 Anna,,4,3,https://nepalhomesearch.com/property/modern-house-for-sale-on-5-75-annas-of-land-at-civil-homes/,,2,
New house for sale on 3.5 aana land at Bhaisepati,"Bhaisepati,Town Planning","Rs3,50,00,000",3.5 Anna,,4,4,https://nepalhomesearch.com/property/new-house-for-sale-on-3-5-aana-land-at-bhaisepati/,,1,
House for sale on 4.5 aana land at Bafal Kathmandu,"Bafal Marg, Kathmandu","Rs3,25,00,000",4.5 Anna,,4,4,https://nepalhomesearch.com/property/house-for-sale-on-4-5-aana-land-at-bafal-kathmandu/,,1,
Old house on 8 aana for sale at Bhimsengola Kathmandu,"Bhimsengola, Kathmandu 44600, Nepal","Rs5,80,00,000",8 Anna,,5,2,https://nepalhomesearch.com/property/old-house-for-sale-at-bhimsengola/,,2,1998
House for sale on 6 aana in Sukedhara Kathmandu,Sukedhara Kathmandu,"Rs4,00,00,000",6 Anna,,6,4,https://nepalhomesearch.com/property/house-for-sale-on-6-aana-in-sukedhara/,,1,
House for sale on 8 aana land New Baneshwor,"New Baneshwor, Kathmandu","Rs8,00,00,000",8.5 Anna,,10,7,https://nepalhomesearch.com/property/house-for-sale-on-8-aana-land-new-baneshwor/,,2,
House for sale on 8.5 aana land at Old Baneshwor,"Thirbam Sadak, Charkhal Dillibazar","Rs6,00,00,000",8.5 Anna,,6,3,https://nepalhomesearch.com/property/house-for-sale-on-8-5-aana-land-at-old-baneshwor/,,5,
A modest House for sale on 10 aana at Baluwatar Kathmandu,"Baluwatar, Kathmandu","Rs13,00,00,000",10 Anna,,4,4,https://nepalhomesearch.com/property/a-modest-house-for-sale-on-10-aana-land-at-baluwatar/,None,2,
House for sale on 12 anna at Dhapasi Kathmandu,"Dhapasi Marga, Dhapasi","Rs6,25,00,000",12 Anna,,7,7,https://nepalhomesearch.com/property/house-for-sale-in-dhapasi-kathmandu/,,5,
Modern House for sale at Hepali Kathmandu,"Hepali, Budhanilkantha Kathmandu","Rs4,75,00,000",9 Anna,,5,5,https://nepalhomesearch.com/property/modern-house-for-sale-at-hepali-kathmandu/,,2,2015
Luxurious Classic Villa for sale at Thapathali Kathmandu,"Thapathali, Kathmandu, Bagmati Pradesh, PO BOX. 220, Nepal","Rs16,00,00,000",21 Anna,,4,4,https://nepalhomesearch.com/property/villa-for-sale-at-thapathali/,,5,1995
Modern house on sale at Bagaicha Colony Budhanilkantha,"Taulung, Budhanilkantha Kathmandu","Rs4,25,00,000",6 Anna,,4,4,https://nepalhomesearch.com/property/modern-house-on-sale-at-bagaicha-colony-budhanilkantha/,,2,2021
Modern House for sale at Pasikot Budhanilkantha,"Pasikot, Budhanilkantha 44600, Nepal","Rs8,25,00,000",22 Anna,,4,4,https://nepalhomesearch.com/property/modern-house-for-sale-at-pasikot-budhanilkantha/,,5,2019
Exclusive Villa for sale at Budhanilkantha Kathmandu,Budhanilkantha Kathmandu,"Rs9,30,00,000",18 Anna,,5,5,https://nepalhomesearch.com/property/for-sale-at-budhanilkantha/,,5,2020
Southern Heights Housing Thaiba Lalitpur,"Southern Heights, Godawari","Rs3,50,00,000",5.5 Anna,,4,4,https://nepalhomesearch.com/property/southern-heights-housing-thaiba-lalitpur/,,2,2015
House For Sale in Grande Villa Dhapasi Kathmandu,"Tokha Rd, Kathmandu 44600, Nepal","Rs2,50,00,000",4 Anna,,3,3,https://nepalhomesearch.com/property/house-for-sale-in-grande-villa/,,1,2018
Flat system house for sale at Baluwatar Kathmandu,"Baluwatar, Kathmandu","Rs7,50,00,000",9 Anna,,5,5,https://nepalhomesearch.com/property/flat-system-house-for-sale-at-baluwatar/,,3,2015
Under construction villa on sale at Kalanki Kathmandu,"Durga Colony, Kalanki kathmandu","Rs15,00,00,000",2 Ropani,,5,8,https://nepalhomesearch.com/property/under-construction-villa-on-sale-at-kalanki-kathmandu/,,5,2021
Multi-Family House For Sale at Anamnagar,"Anamnagar, Kathmandu","Rs5,00,00,000 Price",5.5 Anna,Blacktopped,7,4,https://nepalhomesearch.com/property/multi-family-house-for-sale-at-anamnagar/,,3,
House for sale at Mangal Colony near Vinayak Colony,"Vinayak Colony Rd, Karyabinayak Bhaisepati","Rs3,00,00,000 Price",0-4-1-1 Anna,,3,4,https://nepalhomesearch.com/property/mangal-colony-vinayak-colony/,,1,2018
Multi-storey house for sale at Baluwatar kathmandu,"Thirbam Sadak, Charkhal Dillibazar","Rs12,50,00,000 Price",12 Anna,,11,8,https://nepalhomesearch.com/property/multi-storey-house-for-sale-at-baluwatar/,,4,
"House for Sale at Vinayak Colony, Bhaisepati Lalitpur",Vinayak Colony Bhaisepati,"Rs5,50,00,000 Price",0-5-2-2 Anna,Blacktopped,5,5,https://nepalhomesearch.com/property/house-for-sale-at-vinayak-colony-bhaisepati/,,2,2018
Elegant villa on sale at Kapan Kathmandu,"Kapan, Kathmandu","Rs55,00,00,000",7 Ropani,Blacktopped,4,6,https://nepalhomesearch.com/property/elegant-villa-on-sale-at-kapan-kathmandu/,,10,
Magnificent House for sale in Chundevi Kathmandu,Chundevi Maharajgjunj Kathmandu,"Rs14,00,00,000",26 Anna,,4,4,https://nepalhomesearch.com/property/magnificent-house-for-sale-in-chundevi/,,8,2015
Flat System House on Sale at Hattigauda Kathmandu,"Hattigauda Chowk, Budhanilkantha Kathmandu","Rs3,15,00,000",5 Anna,,5,3,https://nepalhomesearch.com/property/flat-system-house-on-sale-at-hattigauda/,,2,2013
House for sale at Gollfutar Height Kathmandu,Golfutar Kathmandu,"Rs10,00,00,000",19 Annas,,5,4,https://nepalhomesearch.com/property/house-for-sale-at-golfutar-height/,,5,2000
