title,location,price,landsize,Road,bedroom,bathroom,url,direction,parking size,built year
Cottage built in 10 ropanis for sale in Lamatar Lalitpur,"Lamatar, Mahalaxmi, Lalitpur",250000000,10-4-0-0,,2,2,https://nepalhomesearch.com/property/cottage-for-sale-in-lamatar-llitpur/,,4,2005
Only one out of 108 houses for sale at Deep housing Pokhara,Deep Housing Pokhara,50000000,0-8-1-2 ,,4,4,https://nepalhomesearch.com/property/only-one-out-of-108-houses-for-sale-at-deep-housing-pokhara/,,2,2018
Previous Home On Sale close to Summit Lodge Kupandole,"Near Summit Hotel, Kupandole Lalitpur, Bagmati Pradesh, 44690, Nepal",67500000,0-7-2-0 ,13,6,4,https://nepalhomesearch.com/property/house-on-sale-near-summit-hotel/,North-east,3,
Modern house for sale in Civil Homes Tinthana,"Thirbam Sadak, Charkhal Dillibazar",35000000,0-6-2-3 ,,4,3,https://nepalhomesearch.com/property/modern-house-for-sale-on-5-75-annas-of-land-at-civil-homes/,,2,
House for sale on 5.5 aana at Khumaltar Lalitpur.,"Khumaltar, Lalitpur 44700, Nepal",34000000,0-5-3-0 ,13,5,3,https://nepalhomesearch.com/property/house-for-sale-in-khumaltar-lalitpur/,East,4,2019
"House for Sale at Vinayak Colony, Bhaisepati Lalitpur",Vinayak Colony Bhaisepati,55000000,0-5-2-2 ,12,5,5,https://nepalhomesearch.com/property/house-for-sale-at-vinayak-colony-bhaisepati/,,2,2018
Flat system house on sale at Milanchowk Baneshwor,"Milanchowk, New Baneshwor Kathmandu",50000000,0-4-3-3 ,,5,4,https://nepalhomesearch.com/property/flat-system-house-on-sale-at-milanchowk-baneshwor/,,2,2018
"House on sale at Padma Colony, Ramkot, Nagarjun Kathmandu!","Padma Colony, Ramkot, Nagarjun, Kathmandu",19500000,0-4-3-0 ,,3,3,https://nepalhomesearch.com/property/house-on-sale-at-padma-colony-ramkot-nagarjun-kathmandu/,,1,2000
House for sale at Mangal Colony near Vinayak Colony,"Vinayak Colony Rd, Karyabinayak Bhaisepati",30000000,0-4-1-1 ,,3,4,https://nepalhomesearch.com/property/mangal-colony-vinayak-colony/,,1,2018
"Booking open at Narayanthan Residency, Budhanilkantha","Narayanthan Residency, Budhaniklantha",32500000,0-4-1-0 ,,4,4,https://nepalhomesearch.com/property/booking-open-at-narayanthan-residency-budhanilkantha/,,2,
Ready to move 2 houses on sale at Shantinagar Kathmandu.,"Shantinagar, Kathmandu, Bagmati Pradesh, Nepal",49500000,0-4-1-0 ,24,6,4,https://nepalhomesearch.com/property/houses-on-sale-at-shantinagar/,North-east,1,2021
Furnished ready to move in house for sale at Bhaisepati Lalitpur,"Bhaisepati, Sainbu, Lalitpur, Bagmati Pradesh, 13775, Nepal",44000000,0-3-3-3 ,20,4,4,https://nepalhomesearch.com/property/furnished-ready-to-move-in-house-for-sale-at-bhaisepati-lalitpur/,North,1,2078
A beautiful house for sale at Down Town Housing Imadol Lalitpur,"Down Town Housing, Imadol, Mahalaxmi, Lalitpur, Bagmati Pradesh, 44795, Nepal",45000000,0-3-2-3 ,20,4,4,https://nepalhomesearch.com/property/down-town-housing-imadol/,East,1,2077
House for sale at Reliable Colony Bhaisepati Lalitpur,Reliable Colony Bhaisepati,25000000,0-3-2-3 ,,6,4,https://nepalhomesearch.com/property/house-for-sale-at-reliable-colony/,,1,2008
1 story house for sale at Thankot,"Thankot, Chandragiri, Nepal",9500000,0-3-2-1 ,13,2,1,https://nepalhomesearch.com/property/1-story-house-for-sale-at-thankot/,East,1,2074
Cheap new attractive house for sale in Bhaktapur,"Sudal, Nepal",10500000,0-3-2-0 ,10,2,2,https://nepalhomesearch.com/property/house-for-sale-in-bhaktapur/,West,1,2075
Fully furnished home on sale Karyabinayak Homes Bhaisepati,"Karyabinayak Homes, Bhaisepati Lalitpur",27000000,0-3-2-0 ,,4,4,https://nepalhomesearch.com/property/karyabinayak-homes/,South-east,1,2020
Single story house for sale at Thali Kathmandu,"Thali, Kageshwari-Manohara, Kathmandu, Bagmati Pradesh, 46603, Nepal",11000000,0-3-1-2 ,10,2,1,https://nepalhomesearch.com/property/single-story-house-for-sale-at-thali-kathmandu/,South-east,1,2021
House for sale at Sano Bharyang Kathmandu.,Sanobharyang Kathmandu,23000000,0-3-1-1 ,,5,4,https://nepalhomesearch.com/property/house-for-sale-at-sanobharyang-kathmandu/,,1,2018
Single-family house for sale in Baluwatar Kathmandu,"Baluwatar, Kathmandu Metropolitan Ward 4, Kathmandu, Bagmati Pradesh, 44616, Nepal",40000000,0-3-1-0 ,,3,5,https://nepalhomesearch.com/property/house-for-sale-in-baluwatar-kathmandu/,East,1,2019
Flat system house for sale at Batisputali Kathmandu,Batisputali Kathmandu,25000000,0-3-1-0 ,,8,4,https://nepalhomesearch.com/property/flat-system-house-for-sale-at-batisputali-kathmandu/,,1,2010
One-story house on sale at Tikathali,"Tikathali, Mahalaxmi, Lalitpur, Bagmati Pradesh, Nepal",12000000,0-2-3-3 ,12,2,2,https://nepalhomesearch.com/property/one-story-house-on-sale-at-tikathali/,South,2,2021
Elegant villa on sale at Kapan Kathmandu,"Kapan, Kathmandu",550000000,112,12,4,6,https://nepalhomesearch.com/property/elegant-villa-on-sale-at-kapan-kathmandu/,,10,
Ravi Bhawan Kathmandu,Ravi Bhawan Kathmandu,430000000,72,,10,7,https://nepalhomesearch.com/property/ravi-bhawan-kathmandu/,,100,1998
Lale Lalitpur House Sale on 4 Ropani,"Dihgau, Lele, Godawari, Lalitpur, Bagmati Pradesh, 44709, Nepal",73000000,64,20,4,3,https://nepalhomesearch.com/property/lale-lalitpur-house-sale/,South-east,10,2075
3 BHK Bungalow,"Goldunga, Tarakeshwar Municipality, Kathmandu, Bagmati Pradesh, 19975, Nepal",150000000,53,,3,3,https://nepalhomesearch.com/property/3-bhk-bungalow/,,,
Splendid Villa for sale in Kathmandu,"Chapali Bhadrakali, Budhanilkantha 44600, Nepal",300000000,52,,4,5,https://nepalhomesearch.com/property/villa-for-sale-in-kathmandu/,,10,
3 Ropani Villa in Dhapasi,"Dhapasi Kathmandu, Bagmati Pradesh, 40607, Nepal",250000000,48,,6,6,https://nepalhomesearch.com/property/3-ropani-villa-in-dhapasi/,,,
Dream home at Godawari Lalitpur,"Godavari, Godawari, Lalitpur",67500000,36,20,3,3,https://nepalhomesearch.com/property/dream-home-for-sale-at-godawari/,South,3,1998
Significant Villa on sale near Deep Housing Pokhara,"Tallo Dip, Pokhara Metropolitan Ward No. 16, Pokhara, Kaski, Gandaki Pradesh, 60600, Nepal",140000000,32,30,5,7,https://nepalhomesearch.com/property/significant-villa-on-sale-near-deep-housing-pokhara/,East,10,
"Bungalow on sale at Narayantar, Bouddha Jorpati","Narayantar, Bouddha Jorpati",135000000,32,,6,6,https://nepalhomesearch.com/property/bungalow-on-sale-at-narayantar-bouddha-jorpati/,,10,2099
Modern house for sale on 2 ropani at Budhanilkantha,"Buddha Colony, Budhanilantha Kathmandu",105000000,32,,5,5,https://nepalhomesearch.com/property/modern-house-for-sale-budhanilkantha/,,10,2015
Under construction villa on sale at Kalanki Kathmandu,"Durga Colony, Kalanki kathmandu",150000000,32,,5,8,https://nepalhomesearch.com/property/under-construction-villa-on-sale-at-kalanki-kathmandu/,,5,2021
Mansion for sale at Budhanilkantha Kathmandu,"Budhanilkantha, Kathmandu,",170000000,31,,5,5,https://nepalhomesearch.com/property/mansion-budhanilkantha/,,10,2020
Modern bungalow on 31 anna for sale at Sitapaila Kathmandu,"New Colony, Sitapaila Kathmandu",152500000,31,,5,5,https://nepalhomesearch.com/property/modern-bungalow-on-31-anna-for-sale-at-sitapaila-kathmandu/,,10,2009
Bungalow for sale on 2 ropanis of land in Kupandol Ghusingal,Kupandole Ghushingal,210000000,30,,7,7,https://nepalhomesearch.com/property/bungalow-for-sale-on-2-ropanis-of-land-in-kupandol-ghusingal/,,10,2000
2 houses are for sale in one compound at Bhaisepati Lalitpur,Bhaisepati Lalitpur,178500000,27,,8,9,https://nepalhomesearch.com/property/2-houses-are-for-sale-in-one-compound-at-bhaisepati-lalitpur/,,10,2020
Mandikhatar House for Sale,"Mandikhatar, Budhanilkantha, Kathmandu, Bagmati Pradesh, 3832, Nepal",170000000,27,13,6,5,https://nepalhomesearch.com/property/mandikhatar-house-for-sale/,South,4,
Magnificent House for sale in Chundevi Kathmandu,Chundevi Maharajgjunj Kathmandu,140000000,26,,4,4,https://nepalhomesearch.com/property/magnificent-house-for-sale-in-chundevi/,,8,2015
House on 24 anna land for sale at Bhaisepati Lalitpur,Bhaisepati Lalitpur,150000000,24,,3,4,https://nepalhomesearch.com/property/house-on-24-anna-land-for-sale-at-bhaisepati-lalitpur/,,4,2010
Beautiful Old Villa on 23 aana Sale at Sitapaila,"Sitapaila, Kathmandu Metropolitan City, Kathmandu, Bagmati Pradesh, 44620, Nepal",100000000,23,,5,4,https://nepalhomesearch.com/property/beautiful-old-villa-on-23-aana-sale-at-sitapaila/,West,10,
Modern Bungalow for Sale at Budhanilkanta of 23 annas,"Budhanilkantha, Kathmandu, Bagmati Pradesh, 22644, Nepal",160000000,23,15,6,6,https://nepalhomesearch.com/property/modern-bungalow-sale-budhanilkanta/,North,,2021
Bungalow on 22 annas for sale at Kusunti Lalitpur,"Kusunti, Lalitpur 44700, Nepal",100000000,23,,5,5,https://nepalhomesearch.com/property/bungalow-on-22-annas-for-sale-at-kusunti-lalitpur/,,5,2005
Modern House for sale at Pasikot Budhanilkantha,"Pasikot, Budhanilkantha 44600, Nepal",82500000,22,,4,4,https://nepalhomesearch.com/property/modern-house-for-sale-at-pasikot-budhanilkantha/,,5,2019
Luxurious Classic Villa for sale at Thapathali Kathmandu,"Thapathali, Kathmandu, Bagmati Pradesh, PO BOX. 220, Nepal",160000000,21,,4,4,https://nepalhomesearch.com/property/villa-for-sale-at-thapathali/,,5,1995
Spontaneous 5 BHK bungalow at Budhanilkantha,Spontaneous 5 BHK bungalow at Budhanilkantha,105000000,21,,5,6,https://nepalhomesearch.com/property/spontaneous-5-bhk-bungalow-at-budhanilkantha/,,4,
Pasikot Villa in Budhanilknatha,"Pasikot Budhanilkantha, Bagmati Pradesh, 22644, Nepal",100000000,20,20,4,4,https://nepalhomesearch.com/property/pasikot-villa/,North-west,10,2020
Old house for sale on 20 Anna land at Manbhawan Lalitpur,"AVM Chowk, Manbhawan , Lalitpur",110000000,20,,10,5,https://nepalhomesearch.com/property/old-house-for-sale-on-20-anna-land-at-manbhawan-lalitpur/,,10,2000
Sitapaila Luxury Villa Sale,"Sitapaila, Nagarjun 44600, Nepal",170000000,20,13,5,7,https://nepalhomesearch.com/property/sitapaila-luxury-villa-sale/,East,5,2068
Lovely old house for sale at Chabahil Kathmandu,"Chabahil, Kathmandu 44600, Nepal",120000000,20,15,4,4,https://nepalhomesearch.com/property/lovely-old-house-for-sale-at-chabahil/,South,5,2003
Modern bungalow for sale at Budhanilkantha Kathmandu,Budhanilkantha Kathmandu,95000000,20,,5,5,https://nepalhomesearch.com/property/bungalow-for-sale-at-budhanilkantha/,,5,2015
House for sale at Gollfutar Height Kathmandu,Golfutar Kathmandu,100000000,19,,5,4,https://nepalhomesearch.com/property/house-for-sale-at-golfutar-height/,,5,2000
A modern house for sale Mahalaxmisthan Lalitpur,"Kusunti height, Malalaxmi chowk ring road",130000000,19,,4,4,https://nepalhomesearch.com/property/a-modern-house-for-sale-mahalaxmisthan-lalitpur/,,5,2020
Lavish home at Sanepa,"Sanepa, Lalitpur, Bagmati Pradesh",160000000,19,,6,6,https://nepalhomesearch.com/property/lavish-home-for-sale-at-sanepa/,,4,2010
Budhanilkantha Villa,"Siddhartha Colony Road, Budhanilkantha 44600, Nepal",150000000,18,20,6,5,https://nepalhomesearch.com/property/budhanilkantha-villa/,South-east,5,2021
Exclusive Villa for sale at Budhanilkantha Kathmandu,Budhanilkantha Kathmandu,93000000,18,,5,5,https://nepalhomesearch.com/property/for-sale-at-budhanilkantha/,,5,2020
Modern house for sale on 18 anna at Budhanilkantha,Budhanilkantha Kathmandu,92500000,18,,5,5,https://nepalhomesearch.com/property/modern-house-for-sale-on-18-anna-at-budhanilkantha/,,5,2018
"Modern bungalow for sale at Min Bhawan, Baneshwor","Min Bhawan, Baneshwor Kathmandu",165000000,17,,5,6,https://nepalhomesearch.com/property/bungalow-for-sale-at-min-bhawan/,,5,2010
Magnificent Villa on 17 aana for sale at Bhaisepati Lalitpur,"Bhaisepati, Lalitpur, Bagmati Pradesh, 44700, Nepal",100000000,17,,4,3,https://nepalhomesearch.com/property/magnificent-villa-bhaisepati-lalitpur/,,,
A beautiful house for sale near Chandragiri Cable Car,"44619, चन्द्रागिरी 44619, Nepal",40000000,16,14,5,4,https://nepalhomesearch.com/property/house-for-sale-chandragiri-cable-car/,South,,2010
Brand New house for sale at Mandikhatar,"Mandikhatar , Kathmandu",145000000,15,20,4,5,https://nepalhomesearch.com/property/brand-new-house-for-sale-at-mandikhatar/,North-east,4,2078
Decent house for sale at Chapali Budhanilkantha,Decent house for sale at Chapali Budhanilkantha,80000000,15,,3,3,https://nepalhomesearch.com/property/house-for-sale-at-chapali/,,4,2010
House on 14 aana at Dhapasi for sale,"Dhapasi, Kathmandu, near Krishna Mandir",70000000,14,,6,6,https://nepalhomesearch.com/property/house-on-14-aana-at-dhapasi-for-sale/,South,6,
Semi commercial house for sale at Imadol Lalitpur,"Imadol, Mahalaxmi, Nepal",60000000,14,,9,4,https://nepalhomesearch.com/property/semi-commercial-house-in-imadol/,,5,2010
House for sale on 14 annas of land in Ghattekulo Kathmandu,"Ghattekulo, Kathmandu",100000000,14,,10,7,https://nepalhomesearch.com/property/house-for-sale-on-14-annas-of-land-in-ghattekulo-kathmandu/,,4,
Old house for sale in Mahalaxmisthan,"Mahalaxmisthan, Lalitpur",70000000,14,,5,4,https://nepalhomesearch.com/property/old-house-for-sale-in-mahalaxmisthan-lagankhel/,,4,
Luxurious Classic Villa for sale at Kathmandu,"Dhapasi, Kathmandu, Bagmati Pradesh, 44606, Nepal",135000000,14,20,5,6,https://nepalhomesearch.com/property/luxurious-classic-villa/,South-east,3,2022
A neoclassic house for sale at Maharajgunj Kathmandu.,"Thirbam Sadak, Charkhal Dillibazar Kathmandu.",190000000,13,20,4,5,https://nepalhomesearch.com/property/neoclassic-house-for-sale-at-maharajgunj/,South-east,2,2022
A modern house for sale at Pepsicola Kathmandu,"Pepsicola, Kathmandu, Bagmati Pradesh, 44810, Nepal",75000000,13,13,5,6,https://nepalhomesearch.com/property/house-for-sale-at-pepsicola-kathmandu/,North,,
House on sale at Jhamsikhel Lalitpur,"Jhamsikhel Marg, Lalitpur 44600, Nepal",102500000,12,13,5,4,https://nepalhomesearch.com/property/house-on-sale-at-jhamsikhel-lalitpur/,South,5,2060
House for sale on 12 anna at Dhapasi Kathmandu,"Dhapasi Marga, Dhapasi",62500000,12,,7,7,https://nepalhomesearch.com/property/house-for-sale-in-dhapasi-kathmandu/,,5,
Urgent Sale House in Imadol Lalitpur,"Imadol, Mahalaxmi, Lalitpur, Bagmati Pradesh, Nepal",65000000,12,13,7,3,https://nepalhomesearch.com/property/urgent-sale-house-in-imadol-lalitpur/,South,4,
Bansbari House Sale,"Bansbari, Kathmandu 44600, Nepal",100000000,12,18,4,3,https://nepalhomesearch.com/property/bansbari-house-sale/,South,4,2063
Multi-storey house for sale at Baluwatar kathmandu,"Thirbam Sadak, Charkhal Dillibazar",125000000,12,,11,8,https://nepalhomesearch.com/property/multi-storey-house-for-sale-at-baluwatar/,,4,
Villa for sale in Chabahil Kathmandu,"Chabahil, Kathmandu, Bagmati Pradesh, 44660, Nepal",120000000,12,16,3,2,https://nepalhomesearch.com/property/villa-for-sale-in-chabahil-kathmandu/,North,3,2055
Apartment building for sale at Bansbari Kathmandu,"Bansbari, Kathmandu, Bagmati Pradesh, 44607, Nepal",130000000,12,13,,,https://nepalhomesearch.com/property/apartment-building-for-sale-at-bansbari-kathmandu/,,,
A house for sale in Bhaisepati on 11 aana land,"Bhaisepati, Karyabinayak, Nepal",53500000,11,13,6,5,https://nepalhomesearch.com/property/house-for-sale-in-bhaisepati/,West,4,2019
Modern house for sale at Maligaun Kathmandu,"Hadigaun Marg, Kathmandu 44600, Nepal",75000000,11,,4,5,https://nepalhomesearch.com/property/house-for-sale-at-maligaun/,,4,2010
Bungalow on sale at Mandikhatar Kathmandu,"Thirbam Sadak, Charkhal Dillibazar Kathmandu.",85000000,11,18,5,5,https://nepalhomesearch.com/property/bungalow-on-sale-at-mandikhatar-kathmandu/,East,2,2070
Two houses for sale at Tahachal Kathmandu,"Tahachal, Kathmandu",100000000,11,,12,12,https://nepalhomesearch.com/property/two-houses-for-sale-at-tahachal/,,8,2020
"House on sale at Milanchowk, Baneshwor Kathmandu",Milanchowk Baneshwor Kathmandu,85000000,11,,5,4,https://nepalhomesearch.com/property/house-on-sale-at-milanchowk-baneshwor-kathmandu/,,5,1990
Modern House on 10 Anna land on sale at Bafal Kathmandu,Bafal Kathmandu,85000000,11,,3,4,https://nepalhomesearch.com/property/modern-house-on-10-anna-land-on-sale-at-bafal-kathmandu/,None,4,2010
House for sale at Nayabazar Kathmand made on 10 aana,"Rayamajhi Tol, Nayabazar Kathmandu",47250000,11,,5,5,https://nepalhomesearch.com/property/house-for-sale-at-nayabazar-made-on-10-aana/,,3,2000
Wonderful Bungalow at Tripureshwor,"Tripureshwar, Kathmandu, Bagmati Pradesh, Nepal",80000000,10,13,6,5,https://nepalhomesearch.com/property/wonderful-bungalow-sale-at-tripuresh/,West,5,2010
"House for sale on 10 anna land at Tinkune, Subidhanagar!",Tinkune Kathmandu,60000000,10,,5,5,https://nepalhomesearch.com/property/house-for-sale-on-10-anna-land-at-tinkune-kathmandu/,,5,2005
Beautiful House for sale in Dholahiti Lalitpur,"Dholahiti, Lalitpur, Bagmati Pradesh, 44700, Nepal",80000000,10,13,4,3,https://nepalhomesearch.com/property/beautiful-house-for-sale-in-dholahiti-lalitpur/,North-east,4,2005
Beautiful house for sale at Kupandole Lalitpur,"Kupondole, Patan, Lalitpur, Bagmati Pradesh, 00779, Nepal",100000000,10,16,4,3,https://nepalhomesearch.com/property/house-for-sale-at-kupandole/,South,4,
House for sale on 10 aana land at Khumaltar Height,"Satdobato, Lalitpur 44700, Nepal",60000000,10,,3,3,https://nepalhomesearch.com/property/house-for-sale-on-10-aana-land-at-khumaltar-height/,,4,
Attractive old house for sale at Bansbari Kathmandu,"Kapan Road, Bansbari Kathmandu",62500000,10,12,3,3,https://nepalhomesearch.com/property/attractive-old-house-for-sale-at-bansbari-kathmandu/,South,3,
A modest House for sale on 10 aana at Baluwatar Kathmandu,"Baluwatar, Kathmandu",130000000,10,,4,4,https://nepalhomesearch.com/property/a-modest-house-for-sale-on-10-aana-land-at-baluwatar/,None,2,
10 aana land with old house for sale at Shantinagar Kathmandu,10 aana land with old house for sale at Shantinagar Kathmandu,55000000,10,,5,3,https://nepalhomesearch.com/property/10-aana-land-with-old-house-for-sale-at-shantinagar-kathmandu/,,1,1995
Beautiful House at Satdobato of 10 Annas,"Satdobato, Lalitpur, Bagmati Pradesh, 44702, Nepal",70000000,10,13,13,9,https://nepalhomesearch.com/property/beautiful-house-at-satdobato/,South,,2072
House for sale at Gahana Pokhari Kathmandu,"Gahana Pokhari, Kathmandu, Bagmati Pradesh, Nepal",82500000,10,13,4,4,https://nepalhomesearch.com/property/house-for-sale-at-gahana-pokhari-kathmandu/,South-east,3,
House on sale at Kalimati Kathmandu,"Kalimati, Kathmandu 44600, Nepal",92500000,10,13,5,5,https://nepalhomesearch.com/property/house-on-sale-at-kalimati-kathmandu/,South-east,4,
Beautiful Old House For Sale At Bansbari Kathmandu,"Kapan Marga, Bansbari Kathmandu",62500000,10,13,4,3,https://nepalhomesearch.com/property/beautiful-old-house-for-sale-at-bansbari-kathmandu/,South,4,
House for sale on 9 aana at Bafal,Bafal Kathmandu,70000000,10,,3,4,https://nepalhomesearch.com/property/house-for-sale-on-9-aana-at-bafal/,East,4,2060
Sale House at Budhanilkantha,"Budhanilkantha, Nepal",60000000,9,13,4,5,https://nepalhomesearch.com/property/sale-house-at-budhanilkantha/,South-west,4,2077
Brand New House On 9 Aana Land For Sale At Budhanilkantha,"Budhanilkantha 44600, Nepal",30000000,9,18,5,5,https://nepalhomesearch.com/property/brand-new-house-on-9-aana-land-for-sale-at-budhanilkantha/,North,4,2020
Renovated House For Sale At Chappal Karkhana Kathmandu,Chappal Karkhana,70000000,9,13,5,5,https://nepalhomesearch.com/property/renovated-house-for-sale-at-chappal-karkhana-kathmandu/,South,3,
2 Beautiful Houses For Sale at Budhanilkantha,"Muhanpokhari, Budhanilkantha, Kathmandu, Bagmati Pradesh, 22644, Nepal",45000000,9,18,5,4,https://nepalhomesearch.com/property/houses-for-sale-at-budhanilkantha/,North,3,2022
Flat system house for sale at Baluwatar Kathmandu,"Baluwatar, Kathmandu",75000000,9,,5,5,https://nepalhomesearch.com/property/flat-system-house-for-sale-at-baluwatar/,,3,2015
House on 9 anna land for sale at Hepali Kathmandu,Hepali Kathmandu,70000000,9,,4,5,https://nepalhomesearch.com/property/a-house-built-on-9-anna-land-for-sale-at-hepali/,,3,
Modern House for sale at Hepali Kathmandu,"Hepali, Budhanilkantha Kathmandu",47500000,9,,5,5,https://nepalhomesearch.com/property/modern-house-for-sale-at-hepali-kathmandu/,,2,2015
House for sale on 8.5 aana land at Old Baneshwor,"Thirbam Sadak, Charkhal Dillibazar",60000000,9,,6,3,https://nepalhomesearch.com/property/house-for-sale-on-8-5-aana-land-at-old-baneshwor/,,5,
House for sale on 8 aana land New Baneshwor,"New Baneshwor, Kathmandu",80000000,9,,10,7,https://nepalhomesearch.com/property/house-for-sale-on-8-aana-land-new-baneshwor/,,2,
House for sale on 8.1 anna at Siddhartha Colony,"Siddhartha Colony Road, Budhanilkantha 44600, Nepal",41000000,8,,4,4,https://nepalhomesearch.com/property/house-for-sale-on-8-1-anna-land-at-siddhartha-colony-budhanilkantha/,,3,2017
Old house on 8 aana land for sale at Old Baneshwor,"Old Baneshwor, Kathmandu, Bagmati Pradesh, 34, Nepal",50400000,8,10,5,3,https://nepalhomesearch.com/property/old-house-on-8-aana-land-for-sale-at-old-baneshwor/,,2,
"House urgent sale at Pandu Bazar, Katunje Bhaktapur","Pandu Bazar, Bhaktapur, Bagmati Pradesh, Nepal",30000000,8,13,4,3,https://nepalhomesearch.com/property/house-urgent-sale-at-pandu-bazar-katunje-bhaktapur/,East,2,
A modern house for sale in Bagaicha Colony Budhanilkantha Kathmandu,"Bagaicha Colony, Budhanilkantha, Kathmandu, Bagmati Pradesh, Nepal",68000000,8,20,6,5,https://nepalhomesearch.com/property/bagaicha-colony-budhanilkantha/,South-west,2,2075
"A modern house for sale in Bagaicha Colony, Budhanilkantha","Bagaicha Colony, Budhanilkantha, Kathmandu, Bagmati Pradesh, Nepal",70000000,8,20,5,5,https://nepalhomesearch.com/property/house-for-sale-in-bagaicha-colony/,West,2,2021
A modern house for sale at Sanepa Lalitpur,"Sanepa, Lalitpur",65000000,8,,4,4,https://nepalhomesearch.com/property/a-modern-house-for-sale-at-sanepa-lalitpur/,,2,2018
Attractive house for sale in Valley Homes Sunakothi Lalitpur,"Valley Homes, Satitar, Sunakothi, Lalitpur",58500000,8,,4,4,https://nepalhomesearch.com/property/valley-homes-sunakothi/,,2,2016
Old house on 8 aana for sale at Bhimsengola Kathmandu,"Bhimsengola, Kathmandu 44600, Nepal",58000000,8,,5,2,https://nepalhomesearch.com/property/old-house-for-sale-at-bhimsengola/,,2,1998
Modern house for sale at Budhanikantha Kathmandu,"Budhanilkantha 44600, Nepal",65000000,8,13,5,3,https://nepalhomesearch.com/property/modern-house-for-sale-at-budhanikantha/,South,1,2060
A house on 8 annas is for sale in Hattisar Kathmandu,Hattisar Kathmandu,80000000,8,,9,6,https://nepalhomesearch.com/property/a-house-on-8-annas-is-for-sale-in-hatisar-kathmandu/,,,2000
Semi commercial house for sale at Khuanitar Lazimpat,"Khuanitar Marg, Lazimpat Kathmandu",55000000,8,,,,https://nepalhomesearch.com/property/semi-commercial-house-for-sale-at-khuanitar-lazimpat/,,,2010
Modern classic designed house for sale at Budhanilkantha,"Budhanilkantha, काठमाडौँ 44600, Nepal",55000000,8,,5,5,https://nepalhomesearch.com/property/house-for-sale-at-budhanilkantha/,,2,2020
Single story house for sale at Galeshwor Pokhara,"Nirajan Chowk Bus Stop, पोखरा 33700, Nepal",17500000,8,20,3,2,https://nepalhomesearch.com/property/house-for-sale-at-galeshwor-pokhara/,East,5,
A modern classic style house for sale at Budhanilkantha Kathmandu,Budhanilkantha Kathmandu,55000000,8,,5,5,https://nepalhomesearch.com/property/a-modern-classic-style-house-for-sale-at-budhanilkantha-kathmandu/,,3,2000
"Urgent sale – Flat system house at Gothatar, Kathmandu","Kageshwari-Manohara Municipality, Gothatar Kathmandu",47500000,7,,5,4,https://nepalhomesearch.com/property/urgent-sale-flat-system-house-at-gothatar-mulpani/,,2,2020
6 Bedroom House For Sale at Baluwatar Kathmandu,"Baluwatar, Kathmandu",62500000,7,13,6,4,https://nepalhomesearch.com/property/6-bedroom-house-for-sale-at-baluwatar-kathmandu/,South,3,
A pleasant home for sale in Rose Villa,"Rose Villa, Siddhartha Colony Road, Budhanilkantha",58000000,7,,5,6,https://nepalhomesearch.com/property/home-for-sale-in-rose-villa/,,3,2019
Beautiful house for sale at Chandol Kathmandu,"Chandol, Kathmandu 44600, Nepal",60000000,7,13,4,5,https://nepalhomesearch.com/property/house-for-sale-at-chandol/,East,2,2010
House for sale on 7 anna at Rose Village Balkot Bhaktapur.,"Rose Village Housing, Balkot,",70000000,7,,5,9,https://nepalhomesearch.com/property/house-for-sale-rose-village-balkot/,,2,2019
House for sale in 7 annas in Dallu Kathmandu,"Dallu, Kathmandu 44600, Nepal",55000000,7,,6,4,https://nepalhomesearch.com/property/house-for-sale-in-7-annas-in-dallu-kathmandu/,,2,
"Classic house for sale at Man Bahadur Marg, Golfutar","Sundarbasti, Golfutar Kathmandu",42500000,7,,5,5,https://nepalhomesearch.com/property/classic-house-for-sale-at-man-bahadur-marg-golfutar/,,2,2018
A beautiful house is for sale in Budhanilkantha Siddhartha Colony,"Siddhartha Colony, Budhanilkantha",38000000,7,,4,4,https://nepalhomesearch.com/property/a-beautiful-house-is-for-sale-in-budhanilkantha-siddhartha-colony/,,2,2018
"House for sale on 7 annas Near Veenas Residency, Tokha","Tokha, Nepal",36500000,7,,4,4,https://nepalhomesearch.com/property/house-for-sale-on-7-annas-near-veenas-residency/,,2,2019
Civil Homes Sunakothi- House for sale,"Civil Homes, Thecho 44710, Nepal",52500000,7,20,4,3,https://nepalhomesearch.com/property/civil-homes-sunakothi/,North-west,1,
Voguish House at Sukedhara,"Sukedhara, Kathmandu, Bagmati Pradesh, 3832, Nepal",45000000,7,,4,3,https://nepalhomesearch.com/property/voguish-house-at-sukedhara/,East,1,
An old house for sale at Gairidhara Kathmandu,Gairidhara Kathmandu,55000000,7,,5,3,https://nepalhomesearch.com/property/an-old-house-for-sale-at-gairidhara-kathmandu/,,,
Attractive Multi-Flat house for sale near Kalanki,"Maitri Nagar, Kirtipur, Kathmandu, Bagmati Pradesh, 44618, Nepal",55000000,7,13,12,7,https://nepalhomesearch.com/property/multi-flat-house-for-sale-near-kalanki/,East,3,2018
डिल्लीबजारमा भाडा खाने घर बिक्रीमा,"Thirbam Sadak, Charkhal Dillibazar Kathmandu.",100000000,7,13,33,13,https://nepalhomesearch.com/property/%e0%a4%a1%e0%a4%bf%e0%a4%b2%e0%a5%8d%e0%a4%b2%e0%a5%80%e0%a4%ac%e0%a4%9c%e0%a4%be%e0%a4%b0%e0%a4%ae%e0%a4%be-%e0%a4%ad%e0%a4%be%e0%a4%a1%e0%a4%be-%e0%a4%96%e0%a4%be%e0%a4%a8%e0%a5%87-%e0%a4%98/,North,2,
European style house on 6.5 annas on sale at Bhaisepati Lalitpur,"Gokul Awash, Bhaisepati, Sainbu, Lalitpur, Bagmati Pradesh, 13775, Nepal",47500000,7,20,5,4,https://nepalhomesearch.com/property/european-style-house/,North-east,2,2020
A beautiful house for sale at Gairidhara Kathmandu,"Lazimpat, Kathmandu 44600, Nepal",65000000,7,,5,5,https://nepalhomesearch.com/property/house-for-sale-at-gairidhara-2/,,1,2010
House in Civil Homes Bhaisepati,"Civil Homes, Bhaisepati, Sainbu, Lalitpur",45000000,6,,4,4,https://nepalhomesearch.com/property/house-in-civil-homes-bhaisepati/,South-east,3,2005
Brand new house for sale at Budhanilkantha,"Rudreshwor Chowk, Budhanilkantha, Kathmandu, Bagmati Pradesh, 22644, Nepal",62500000,6,20,4,5,https://nepalhomesearch.com/property/brand-new-house-for-sale-at-budhanilkantha/,East,2,2022
Southern Heights Housing – House On Sale,"Southern Heights, Godawari 44700, Nepal",46500000,6,20,4,4,https://nepalhomesearch.com/property/southern-heights-housing-2/,South-east,2,2011
"House for sale in Southern Heights Housing, Thaiba Lalitpur","Southern Heights, Godawari 44700, Nepal",45000000,6,20,4,4,https://nepalhomesearch.com/property/house-for-sale-in-southern-heights-housing/,South-west,2,
Modern house on sale at Bagaicha Colony Budhanilkantha,"Taulung, Budhanilkantha Kathmandu",42500000,6,,4,4,https://nepalhomesearch.com/property/modern-house-on-sale-at-bagaicha-colony-budhanilkantha/,,2,2021
"New house for sale near Kuwar Colony, Dhapasi","Kuwar Colony, Dhapasi",32500000,6,,5,4,https://nepalhomesearch.com/property/new-house-for-sale-near-kuwar-colony-dhapasi/,,2,2020
Thaiba Heights Housing,"Thaiba Heights Housing, Thaiba, Godawari, Lalitpur, Bagmati Pradesh, Nepal",50000000,6,20,4,3,https://nepalhomesearch.com/property/thaiba-heights-housing/,South,1,2021
"A beautiful home for sale near Deuba Residence, Budhanilkantha","Deuba Residence, Budhanilkantha Kathmandu",47500000,6,,5,5,https://nepalhomesearch.com/property/a-beautiful-home-for-sale-near-deuba-residence-budhanilkantha-kathmandu/,,1,2018
House for sale on 6 aana in Sukedhara Kathmandu,Sukedhara Kathmandu,40000000,6,,6,4,https://nepalhomesearch.com/property/house-for-sale-on-6-aana-in-sukedhara/,,1,
Multi-Family House For Sale at Anamnagar,"Anamnagar, Kathmandu",50000000,6,12,7,4,https://nepalhomesearch.com/property/multi-family-house-for-sale-at-anamnagar/,,3,
House for sale in Sanepa,Sanepa Lalitpur,50000000,6,,2,3,https://nepalhomesearch.com/property/house-for-sale-in-sanepa/,,3,2005
Beautiful house for sale at Washik Budhanilkantha,"Washik, Budhanilkantha, Kathmandu, Bagmati Pradesh, 22644, Nepal",41000000,6,13,5,4,https://nepalhomesearch.com/property/house-for-sale-at-washik-budhanilkantha/,South-west,2,2022
Stylish House At Thaiba For Sale of 5.5 annas,"Southern Heights Colony, Thaiba, Lalitpur, Bagmati Pradesh, 44709, Nepal",50000000,6,20,4,3,https://nepalhomesearch.com/property/stylish-house-at-thaiba-lalitpur/,South-west,2,2010
Southern Heights Housing Thaiba Lalitpur,"Southern Heights, Godawari",35000000,6,,4,4,https://nepalhomesearch.com/property/southern-heights-housing-thaiba-lalitpur/,,2,2015
House for sale at Road Show Housing Budhanilkantha,Road Show Housing Budhanilkantha,46000000,6,,5,3,https://nepalhomesearch.com/property/road-show-housing-budhanilkantha/,,1,2020
Old house for sale on 5.5 anna land at Tudaldevi Kathmandu,"Tudaldevi Baluwatar, Kathmandu",40000000,6,,4,3,https://nepalhomesearch.com/property/old-house-for-sale-on-5-5-anna-land-at-tudaldevi/,,1,
Semi commercial new house for sale at Thankot Kathmandu,"Thānkot, Chandragiri, Kathmandu,",32500000,6,,4,4,https://nepalhomesearch.com/property/semi-commercial-new-house-for-sale-at-thankot-kathmandu/,,1,2020
House for sale at Maitidevi Kathmandu,"Maitidevi, Kathmandu",37000000,5,,6,4,https://nepalhomesearch.com/property/house-for-sale-at-maitidevi-kathmandu/,,2,2016
Commercial house for sale at Koteshwor Kathmandu,"koteshwor kathmandu, Lalbandi, Sarlahi, Province #2, Nepal",85000000,5,27,10,6,https://nepalhomesearch.com/property/commercial-house-for-sale-at-koteshwor/,,3,
"House for sale at Veenas Residency, Tokha","Veenas Residency, Tokha, Kathmandu",32500000,5,,3,3,https://nepalhomesearch.com/property/house-for-sale-at-veenas-residency-tokha/,,3,
House for sale at Bafal on 5 aana land.,"Bafal Marg, Kathmandu 44600, Nepal",36500000,5,12,7,3,https://nepalhomesearch.com/property/house-for-sale-at-bafal/,South-west,2,2063
Attractive houses for sale at Thaiba Godawari,"Thaiba, Godawari, Lalitpur, Bagmati Pradesh, Nepal",35000000,5,13,5,3,https://nepalhomesearch.com/property/houses-for-sale-at-thaiba-godawari/,South,2,2070
80 lakh only at Britamode Jhapa,"Birtamode, Nepal",8000000,5,20,4,2,https://nepalhomesearch.com/property/80-lakh-only-at-britamod-jhapa/,,2,
"Independent House For Sale In Hattiban Housing, Lalitpur",Hattiban lalitpur,50000000,5,,4,4,https://nepalhomesearch.com/property/hattiban-housing-house-sale/,,2,2020
House for sale at Green Hill City,Green Hill City Imadol,43000000,5,,5,4,https://nepalhomesearch.com/property/ready-to-move-house-for-sale-at-green-hill-city-imadol/,,2,2020
A house for sale in Chandol Kathmandu,A house for sale in Chandol Kathmandu,35000000,5,,4,4,https://nepalhomesearch.com/property/a-house-for-sale-in-chandol-kathmandu/,,2,2012
Flat system house for sale at Samakhushi Kathmandu,"Samakhusi, Kathmandu",35000000,5,,5,3,https://nepalhomesearch.com/property/a-flat-system-house-for-sale/,,2,
Flat System House on Sale at Hattigauda Kathmandu,"Hattigauda Chowk, Budhanilkantha Kathmandu",31500000,5,,5,3,https://nepalhomesearch.com/property/flat-system-house-on-sale-at-hattigauda/,,2,2013
Flat system house for sale on 5 anna at Satungal,"Sangam Basti, Satungal Chandragiri Municipality Kathmandu",30000000,5,,6,4,https://nepalhomesearch.com/property/flat-system-house-for-sale-at-satungal/,,2,2015
House built in 5 Anna for sale in Bhaisepati Lalitpur,"Bhaisepati, Karyabinayak, Nepal",30000000,5,,4,4,https://nepalhomesearch.com/property/house-built-in-5-anna-for-sale-in-bhaisepati-lalitpur/,,2,2010
House in thankot for sale,"Thankot, Chandragiri, Kathmandu, Bagmati Pradesh, 44619, Nepal",22000000,5,10,6,3,https://nepalhomesearch.com/property/%e0%a4%a5%e0%a4%be%e0%a4%a8%e0%a4%95%e0%a5%8b%e0%a4%9f-%e0%a4%ae%e0%a4%be-%e0%a4%98%e0%a4%b0-%e0%a4%ac%e0%a4%bf%e0%a4%95%e0%a5%8d%e0%a4%b0%e0%a5%80%e0%a4%ae%e0%a4%be/,West,1,
House sale in Rudreshwor Budhanilkantha,"Rudreshwor Chowk Bus Stop, Budhanilkantha 44600, Nepal",35000000,5,13,5,5,https://nepalhomesearch.com/property/house-sale-in-rudreshwor-budhanilkantha/,West,1,2077
House on sale at Kusunti Lalitpur,"Kusunti height, Lalitpur, Bagmati Pradesh, 40000, Nepal",35000000,5,15,4,4,https://nepalhomesearch.com/property/house-on-sale-at-kusunti-lalitpur/,South-east,1,2011
Beautiful house for sale at Nakkhu Lalitpur,"Nakhu, Lalitpur, Bagmati Pradesh, 44700, Nepal",43000000,5,18,5,3,https://nepalhomesearch.com/property/house-for-sale-at-nakkhu-lalitpur/,South,1,
New house on sale at Sano Bharyang Housing Kathmandu,Sano Bharyang Housing Kathmandu,52500000,5,20,4,5,https://nepalhomesearch.com/property/sano-bharyang-housing/,North,1,2020
New House for Sale at Mangal Colony Bhaisepati,"Mangal Coloney, Bhaisepati, Sainbu, Lalitpur, Bagmati Pradesh, 13775, Nepal",40000000,5,20,5,4,https://nepalhomesearch.com/property/house-for-sale-at-mangal-colony-bhaisepati/,West,1,
Flat system house on sale at Sukedhara Kathmandu,"Sukedhara, Kathmandu,",35000000,5,,10,5,https://nepalhomesearch.com/property/flat-system-house-on-sale-at-sukedhara-kathmandu/,South,1,2063
"Ready to move houses near High Vision Colony, Thankot","Thānkot, Chandragiri, Kathmandu",32500000,5,,5,4,https://nepalhomesearch.com/property/ready-to-move-houses/,,1,2020
"House for sale at Chhauni Housing, Chhauni Kathmandu","Chhauni Housing, Chhauni Kathmandu",41000000,5,,5,4,https://nepalhomesearch.com/property/fresh-house-for-sale-at-chhauni-housing-chhauni-kathmandu/,,2,
Flat system house for sale at Chakupat Lalitpur,"Chakupat, Lalitpur",35000000,5,,6,3,https://nepalhomesearch.com/property/flat-system-hosue-in-chakupat/,,2,
2 semi bungalows for sale at Thapathali Kathmandu,"Thapathali, Kathmandu, Bagmati Pradesh, 00779, Nepal",52000000,5,13,6,4,https://nepalhomesearch.com/property/2-semi-bungalows-for-sale-at-thapathali/,,1,2022
Star Homes Sitapaila,"Star Homes, Sitapaila, Kathmandu, Bagmati Pradesh, 217, Nepal",46500000,5,20,4,3,https://nepalhomesearch.com/property/star-homes-sitapaila/,North-east,1,2008
4.5 aana bungalow on Dhapasi Kathmandu,"Dhapasi Height, Tokha, Kathmandu, Bagmati Pradesh, 44607, Nepal",38000000,5,20,6,5,https://nepalhomesearch.com/property/bungalow-on-dhapasi-kathmandu/,North,1,2021
Godawari Valley Housing – Booking Opens,"Godawari, Lalitpur, Bagmati Pradesh, Nepal",40000000,5,,5,4,https://nepalhomesearch.com/property/godawari-valley-housing/,,1,
House for sale at Panipokhari Heights Housing Panipokhari,Panipokhari Heights Housing Panipokhari,72500000,5,,4,4,https://nepalhomesearch.com/property/panipokhari-heights-housing-sale/,,1,2018
"House for sale in Sunrise Homes, Balkumari Lalitpur","Sunrise Homes, Balkumari Lalitpur",45000000,5,,3,4,https://nepalhomesearch.com/property/house-for-sale-in-sunrise-homes-balkumari-lalitpur/,,1,
House sale near Medicity Hospital Bhaisepati,"MANJUSHREE TOLE, Karyabinayak 44600, Nepal",36000000,5,,5,3,https://nepalhomesearch.com/property/house-sale-near-medicity-hospital-bhaisepati/,,1,2077
"Home for sale in Chhauni Housing, Chhauni Kathmandu","Chhauni Housing, Chhauni Kathmandu",35000000,5,,4,3,https://nepalhomesearch.com/property/home-for-sale-in-chhauni-housing-chhauni-kathmandu/,,1,2008
Flat system house for sale on 4.5 Anna at Sano Bharyang KTM,"Sano Bharyang ,Kathmandu 44600, Nepal",32500000,5,,5,4,https://nepalhomesearch.com/property/house-for-sale-sano-bharyang-kathmandu/,,1,2019
House for sale on 4.5 aana land at Bafal Kathmandu,"Bafal Marg, Kathmandu",32500000,5,,4,4,https://nepalhomesearch.com/property/house-for-sale-on-4-5-aana-land-at-bafal-kathmandu/,,1,
New house for sale at Pasikot Budhanilkantha,"Pasikot, Budhanilkantha",28000000,5,,6,4,https://nepalhomesearch.com/property/new-house-for-sale-at-pasikot-budhanilantha/,,1,2020
Semi Commercial house for sale at Kapan,"Kapan, Kathmandu, Bagmati Pradesh, 44602, Nepal",28500000,4,,2,1,https://nepalhomesearch.com/property/semi-commercial-house-for-sale-at-kapan/,South-east,2,
"Beautiful house for sale at Civil Homes, Sitapaila","Civil Homes Sitapaila, Kathmandu, Bagmati Pradesh, 44618, Nepal",27000000,4,14,4,3,https://nepalhomesearch.com/property/house-for-sale-at-civil-homes-sitapaila/,East,1,2022
Semi commercial property for sale in Kapan Kathmandu,"Bibek Chok, Kapan, Budhanilkantha, Kathmandu, Bagmati Pradesh, 44602, Nepal",20000000,4,15,2,1,https://nepalhomesearch.com/property/property-for-sale-in-kapan/,South,1,
Classic house for sale on 4.1 anna at Budhanilkantha,"Siddhartha Colony Road, Budhanilkantha 44600, Nepal",35000000,4,,5,5,https://nepalhomesearch.com/property/house-for-sale-at-budhanilkantha-2/,,1,2020
Urgent sale a house at Golfutar Kathmandu,Golfutar Kathmandu,27000000,4,,5,4,https://nepalhomesearch.com/property/urgent-sale-a-house-at-golfutar-kathmandu/,,1,
House for sale in Ishan Colony Budhanilkantha,"Ishan Colony, Budhanilkantha, Kathmandu, Bagmati Pradesh, Nepal",57500000,4,16,4,3,https://nepalhomesearch.com/property/house-for-sale-in-ishan-colony-budhanilkantha/,,2,
Urgent Sale a House in Anamnagar Dhobikhola Corridor,Dhobikhola Corridor Anamnagar,40000000,4,35,4,3,https://nepalhomesearch.com/property/urgent-sale-a-house-in-anamnagar-dhobikhola-corridor/,East,2,
A single story house for sale at Sitapaila Kathmandu,Sitapaila Kathmandu,20000000,4,,3,1,https://nepalhomesearch.com/property/a-single-story-house-for-sale-at-sitapaila-kathmandu/,,2,2019
New House For Sale At Thecho Lalitpur,"Thecho, Godawari, Lalitpur, Bagmati Pradesh, 44700, Nepal",26000000,4,10,4,3,https://nepalhomesearch.com/property/house-for-sale-at-thecho/,South,1,2022
Brand new house in Bhaisepati Lalitpur,"Bhaisepati, Karyabinayak, Nepal",37500000,4,13,6,5,https://nepalhomesearch.com/property/brand-new-house-in-bhaisepati/,West,1,2021
"House for sale, Thecho Laliptur","Thecho, Godawari, Lalitpur, Bagmati Pradesh, 44700, Nepal",32500000,4,13,5,5,https://nepalhomesearch.com/property/house-for-sale-thecho-laliptur/,North,1,2023
Single Story house for sale at Sipadol Bhaktapur,"Sipadol, Suryabinayak, Nepal",15000000,4,13,2,1,https://nepalhomesearch.com/property/house-for-sale-at-sipadol-bhaktapur/,South-east,1,2078
A furnished house for sale at Civil Homes Khumaltar Lalitpur.,"M84M+H47, Lalitpur 44700, Nepal",37500000,4,13,4,4,https://nepalhomesearch.com/property/a-furnished-house-for-sale-at-civil-homes-khumaltar-lalitpur/,South-east,1,2012
6 Brand New Houses for sale at Sitapaila Kathmandu,"Sitapaila Kathmandu, Bagmati Pradesh, 446030, Nepal",31000000,4,13,5,4,https://nepalhomesearch.com/property/houses-for-sale-at-sitapaila/,South-east,1,2022
"Brand new home on sale at Pepsicola, Kageshwori Manohara","Pepsicola, Kageshwori Manohara Municipality Kathmandu",32500000,4,14,4,4,https://nepalhomesearch.com/property/brand-new-home-on-sale-at-pepsicola/,North-west,1,2020
"New house for sale at Bharatpur 11, Chitwan","Bharatpur 44200, Nepal",15500000,4,20,4,4,https://nepalhomesearch.com/property/new-house-for-sale-at-bharatpur-11-chitwan/,East,1,2074
CG Housing Sunakothi Lalitpur,"Sunakothi, Lalitpur 44700, Nepal",31000000,4,20,4,3,https://nepalhomesearch.com/property/cg-housing-sunakothi-lalitpur/,West,1,2021
Beautiful house for sale in Hattiban Lalitpur,"Hattiban, Dhapakhel, Lalitpur, Bagmati Pradesh, 14364, Nepal",23000000,4,27,4,4,https://nepalhomesearch.com/property/beautiful-house-for-sale-in-hattiban-lalitpur/,North,1,2021
Flat system house for sale at Dhapasi Height Kathmandu,"Dhapasi Marg, Tokha, Kathmandu, Bagmati Pradesh, 44607, Nepal",32500000,4,,6,4,https://nepalhomesearch.com/property/flat-system-house-for-sale-at-dhapasi-height-kathmandu/,,1,2015
Flat system house for sale on 4 annas at Mandikhatar,"Shridi Colony, Mandikhatar Kathmandu",25000000,4,,7,3,https://nepalhomesearch.com/property/flat-system-house-for-sale-at-mandikhatar/,,1,
House For Sale in Grande Villa Dhapasi Kathmandu,"Tokha Rd, Kathmandu 44600, Nepal",25000000,4,,3,3,https://nepalhomesearch.com/property/house-for-sale-in-grande-villa/,,1,2018
Ghar Jagga on sale at Tinkune Kathmandu.,"Thirbam Sadak, Charkhal Dillibazar Kathmandu.",23500000,4,,2,1,https://nepalhomesearch.com/property/ghar-jagga-on-sale-at-tinkune-kathmandu/,,1,1995
8 apartment house for sale at Maitidevi Kathmandu,"Maitidevi, Kathmandu, Bagmati Pradesh, 00446, Nepal",35000000,4,9,12,8,https://nepalhomesearch.com/property/apartment-house-maitidevi-kathmandu/,East,,
Below 1 crore house at Sainamaina Rupandehi,"Sainamaina, Nepal",7000000,4,13,2,2,https://nepalhomesearch.com/property/house-at-sainamaina-rupandehi/,North,,2071
Semi bungalow for sale at Chhauni Kathmandu,"Chhauni, Kathmandu, Bagmati Pradesh, 44620, Nepal",35000000,4,13,5,3,https://nepalhomesearch.com/property/semi-bungalow-for-sale-at-chhauni/,South,1,
New semi bungalow house for sale at Imadol Lalitpur,"Imadol, Mahalaxmi, Lalitpur, Bagmati Pradesh, 44708, Nepal",28000000,4,13,6,4,https://nepalhomesearch.com/property/semi-bungalow-house-for-sale-at-imadol/,South,1,2079
New house for sale on 3.5 aana land at Bhaisepati,"Bhaisepati,Town Planning",35000000,4,,4,4,https://nepalhomesearch.com/property/new-house-for-sale-on-3-5-aana-land-at-bhaisepati/,,1,
8 flats house for sale at Old Baneshwor,"Old Baneshwor, Kathmandu Metropolitan City, Kathmandu, Bagmati Pradesh, 44617, Nepal",29000000,4,6,22,8,https://nepalhomesearch.com/property/house-for-sale-at-old-baneshwor/,,,
Flat system house in Ghattekulo,"Ghattekulo, Kathmandu, Bagmati Pradesh, 00446, Nepal",35000000,4,9,9,5,https://nepalhomesearch.com/property/flat-system-house-in-ghattekulo/,South-west,,
Beautiful house for sale at Aadeshwor Sitapaila,"Adreshwor Sitapaila, Nagarjun, Kathmandu, Bagmati Pradesh, 44601, Nepal",40000000,4,,4,6,https://nepalhomesearch.com/property/house-for-sale-at-aadeshwor-sitapaila/,,,2019
3 Bedrooms Beautiful house for sale at Golfutar Kathmandu,"Man Bahadur Marg, Golfutar Kathmandu",27500000,3,16,3,3,https://nepalhomesearch.com/property/beautiful-house-for-sale-at-golfutar/,South-west,2,2066
Semi-Bungalow House Sale in Mulpani,"Mulpani Pipalbot, Kageshwori Manohara, Kageshwori Manohara Municipality, Kathmandu, Bagmati Pradesh, 97701, Nepal",23000000,3,13,5,3,https://nepalhomesearch.com/property/semi-bungalow-house-sale-in-mulpani/,South-east,1,2022
Single story house for sale at Matatirtha,"Matatirtha, Chandragiri 44600, Nepal",8700000,3,13,2,1,https://nepalhomesearch.com/property/single-story-house-for-sale-at-matatirtha/,North,1,2021
Single story house for sale at Imadol Lalitpur,"Imadol, Mahalaxmi, Nepal",14500000,3,13,2,2,https://nepalhomesearch.com/property/single-story-house-for-sale-at-imadol-lalitpur/,East,1,2078
3 BHK House For Sale At Samakhushi Kathmandu,Samakhushi Kathmandu,32500000,3,13,3,3,https://nepalhomesearch.com/property/3-bhk-house-for-sale-at-samakhushi-kathmandu/,,1,2013
House for sale on 3 aana land at Buddhanagar Kathmandu,"Buddhanagar, Kathmandu 44600, Nepal",31000000,3,16,6,4,https://nepalhomesearch.com/property/house-for-sale-on-3-aana-land-at-buddhanagar-kathmandu/,,1,2019
Very Very Urgent Sale House At Gothatar Kathmandu,Kageshwari-Manohara Municipality Gothatar,20000000,3,16,5,3,https://nepalhomesearch.com/property/very-very-urgent-sale-house-at-gothatar-kathmandu/,,1,2020
Ready to move in houses on sale in Hattiban Lalitpur,"Hattiban, Lalitpur 44700, Nepal",28000000,3,20,5,4,https://nepalhomesearch.com/property/houses-on-sale-in-hattiban-lalitpur/,West,1,2021
"8 eye-catching homes on sale at Scenic Housing, Thaiba Lalitpur","Scenic Housing, Thaiba-South, Jharuwarasi, Godawari, Lalitpur, Bagmati Pradesh, 41700, Nepal",18000000,3,20,4,3,https://nepalhomesearch.com/property/scenic-housing/,East,1,2018
Commercial house for sale at Bhrikuti Chowk Kapan,"Bhrikuti Chow, Kapan Kathmandu, Bagmati Pradesh, 44602, Nepal",23000000,3,27,3,2,https://nepalhomesearch.com/property/house-for-sale-at-bhrikuti-chowk-kapan/,West,1,
House for sale at Bhelpa Satdobato,"Bhelpa, Satdobato, Ward 17, Patan, Lalitpur, Bagmati Pradesh, 44705, Nepal",22500000,3,30,4,3,https://nepalhomesearch.com/property/house-for-sale-at-bhelpa-satdobato/,East,1,2018
Beautiful new house for sale at Nakhipot Lalitpur,"Nakhipot, Lalitpur, Bagmati Pradesh, 44702, Nepal",20000000,3,13,4,3,https://nepalhomesearch.com/property/beautiful-new-house-for-sale-at-nakhipot-lalitpur/,East,3,2022
New house on sale at Satungal Chandragiri Municipality,"Satungal Road, Boshigaun, Chandragiri, Kathmandu, Bagmati Pradesh, 44618, Nepal",15000000,3,4,3,3,https://nepalhomesearch.com/property/new-house-on-sale-at-satungal/,,,2022
Imadol house sale urgent,"Imadol, Mahalaxmi, Lalitpur, Bagmati Pradesh, Nepal",17000000,3,13,,,https://nepalhomesearch.com/property/imadol-house-sale-urgent/,,,
"3BHK Modern House on Sale in Imadol, Gwarko, Lalitpur",Imadol,13500000,2,13,3,2,https://nepalhomesearch.com/property/3bhk-modern-house-on-sale-in-imadol-gwarko-lalitpur/,,1,2072
House for sale on 1 ropani at Mandikhatar Kathmandu,"Mandikhatar , Kathmandu , Nepal,",120000000,1,16,4,4,https://nepalhomesearch.com/property/house-for-sale-on-1-ropani-at-mandikhatar/,South,4,2002
House sale in Mid Baneshowr at Land Price,"Mid Baneshwar, Kathmandu, Bagmati Pradesh, 44703, Nepal",104000000,1,20,5,3,https://nepalhomesearch.com/property/house-sale-in-mid-baneshowr/,North-west,4,2005
Om Niwash on sale in 1.5 ropani at Bhimsengola Kathmandu,Om Niwash Bhimsengola Kathmandu,155000000,,,5,5,https://nepalhomesearch.com/property/om-niwash-on-sale-in-1-5-ropani-at-bhimsengola-kathmandu/,,5,2000
House for sale built on 8 anna at Sanepa Lalitpur,"Sanepa, Lalitpur, Bagmati Pradesh, SANEPA-2, Nepal",60000000,,,5,5,https://nepalhomesearch.com/property/house-for-sale-built-on-8-anna-at-sanepa-lalitpur/,,2,2018
Flat system house for sale at Aarubari Boudha,"Arubari,, काठमाडौँ 44600, Nepal",18000000,,10,6,3,https://nepalhomesearch.com/property/house-for-sale-at-aarubari-boudha/,East,1,2017
Single Story house for sale at Balkot,"Balkot, Nepal",14500000,,13,2,1,https://nepalhomesearch.com/property/single-story-house-for-sale-at-balkot/,East,1,2078
11 aana land with house on sale in Grande Villa House (Gongabu Tokha),"Thirbam Sadak, Charkhal Dillibazar Kathmandu.",58500000,,12,6,6,https://nepalhomesearch.com/property/11-aana-land-with-house-on-sale-in-grande-villa-house-gongabu-tokha/,North,,2073
"2.5 Story Beautiful House Behind GreenHill CIty VIP Housing in Narayantar, Shiva Chowk on Sale","Baba Chok, Kageshwori Manohara, Kathmandu, Bagmati Pradesh, 20187, Nepal",24500000,,13,5,3,https://nepalhomesearch.com/property/2-5-story-beautiful-house-behind-greenhill-city-vip-housing-in-narayantar-shiva-chowk-on-sale/,East,,2020
