title,location,price,landsize,Road,bedroom,bathroom,url,direction,parking,builtyear,district
1 story house for sale at Thankot,"Thankot, Chandragiri",9500000,1155.09,13,2,1,https://nepalhomesearch.com/property/1-story-house-for-sale-at-thankot/,East,3-,2074,kathmandu
10 aana land with old house for sale at Shantinagar Kathmandu,10 aana land with old house for sale at Shantinagar ,55000000,3422.5,,5,3,https://nepalhomesearch.com/property/10-aana-land-with-old-house-for-sale-at-shantinagar-kathmandu/,,3-,2052,kathmandu
11 aana land with house on sale in Grande Villa House (Gongabu Tokha),"Thirbam Sadak, Charkhal Dillibazar .",58500000,,12,6,6,https://nepalhomesearch.com/property/11-aana-land-with-house-on-sale-in-grande-villa-house-gongabu-tokha/,North,,2073,kathmandu
2 Beautiful Houses For Sale at Budhanilkantha,"Muhanpokhari, Budhanilkantha, 22644",45000000,3080.25,18,5,4,https://nepalhomesearch.com/property/houses-for-sale-at-budhanilkantha/,North,3+,2079,kathmandu
2 houses are for sale in one compound at Bhaisepati Lalitpur,Bhaisepati ,178500000,9240.75,,8,9,https://nepalhomesearch.com/property/2-houses-are-for-sale-in-one-compound-at-bhaisepati-lalitpur/,,3+,2077,lalitpur
2 semi bungalows for sale at Thapathali Kathmandu,"Thapathali, 00779",52000000,1711.25,13,6,4,https://nepalhomesearch.com/property/2-semi-bungalows-for-sale-at-thapathali/,,3-,2079,kathmandu
"2.5 Story Beautiful House Behind GreenHill CIty VIP Housing in Narayantar, Shiva Chowk on Sale","Baba Chok, Kageshwori Manohara, 20187",24500000,,13,5,3,https://nepalhomesearch.com/property/2-5-story-beautiful-house-behind-greenhill-city-vip-housing-in-narayantar-shiva-chowk-on-sale/,East,,2077,kathmandu
3 Bedrooms Beautiful house for sale at Golfutar Kathmandu,"Man Bahadur Marg, Golfutar ",27500000,1026.75,16,3,3,https://nepalhomesearch.com/property/beautiful-house-for-sale-at-golfutar/,South-west,3-,2066,kathmandu
3 BHK Bungalow,"Goldunga, Tarakeshwar Municipality, 19975",150000000,18139.25,,3,3,https://nepalhomesearch.com/property/3-bhk-bungalow/,,,,kathmandu
3 BHK House For Sale At Samakhushi Kathmandu,Samakhushi ,32500000,1026.75,13,3,3,https://nepalhomesearch.com/property/3-bhk-house-for-sale-at-samakhushi-kathmandu/,,3-,2070,kathmandu
3 Ropani Villa in Dhapasi,"Dhapasi , 40607",250000000,16428,,6,6,https://nepalhomesearch.com/property/3-ropani-villa-in-dhapasi/,,,,kathmandu
"3BHK Modern House on Sale in Imadol, Gwarko, Lalitpur",Imadol,13500000,684.5,13,3,2,https://nepalhomesearch.com/property/3bhk-modern-house-on-sale-in-imadol-gwarko-lalitpur/,,3-,2072,lalitpur
4.5 aana bungalow on Dhapasi Kathmandu,"Dhapasi Height, Tokha, 44607",38000000,1711.25,20,6,5,https://nepalhomesearch.com/property/bungalow-on-dhapasi-kathmandu/,North,3-,2078,kathmandu
6 Bedroom House For Sale at Baluwatar Kathmandu,Baluwatar,62500000,2395.75,13,6,4,https://nepalhomesearch.com/property/6-bedroom-house-for-sale-at-baluwatar-kathmandu/,South,3+,,kathmandu
6 Brand New Houses for sale at Sitapaila Kathmandu,"Sitapaila , 446030",31000000,1369,13,5,4,https://nepalhomesearch.com/property/houses-for-sale-at-sitapaila/,South-east,3-,2079,kathmandu
8 apartment house for sale at Maitidevi Kathmandu,"Maitidevi, 00446",35000000,1369,9,12,8,https://nepalhomesearch.com/property/apartment-house-maitidevi-kathmandu/,East,,,kathmandu
"8 eye-catching homes on sale at Scenic Housing, Thaiba Lalitpur","Scenic Housing, Thaiba-South, Jharuwarasi, Godawari, 41700",18000000,1026.75,20,4,3,https://nepalhomesearch.com/property/scenic-housing/,East,3-,2075,lalitpur
8 flats house for sale at Old Baneshwor,"Old Baneshwor Metropolitan City, 44617",29000000,1369,6,22,8,https://nepalhomesearch.com/property/house-for-sale-at-old-baneshwor/,,,,kathmandu
"A beautiful home for sale near Deuba Residence, Budhanilkantha","Deuba Residence, Budhanilkantha ",47500000,2053.5,,5,5,https://nepalhomesearch.com/property/a-beautiful-home-for-sale-near-deuba-residence-budhanilkantha-kathmandu/,,3-,2075,kathmandu
A beautiful house for sale at Down Town Housing Imadol Lalitpur,"Down Town Housing, Imadol, Mahalaxmi, 44795",45000000,1326.21,20,4,4,https://nepalhomesearch.com/property/down-town-housing-imadol/,East,3-,2077,lalitpur
A beautiful house for sale at Gairidhara Kathmandu,Lazimpat 44600,65000000,2395.75,,5,5,https://nepalhomesearch.com/property/house-for-sale-at-gairidhara-2/,,3-,2067,kathmandu
A beautiful house for sale near Chandragiri Cable Car,Chandragiri,40000000,5476,14,5,4,https://nepalhomesearch.com/property/house-for-sale-chandragiri-cable-car/,South,,2067,kathmandu
A beautiful house is for sale in Budhanilkantha Siddhartha Colony,"Siddhartha Colony, Budhanilkantha",38000000,2395.75,,4,4,https://nepalhomesearch.com/property/a-beautiful-house-is-for-sale-in-budhanilkantha-siddhartha-colony/,,3-,2075,kathmandu
A furnished house for sale at Civil Homes Khumaltar Lalitpur.,M84M+H47 44700,37500000,1369,13,4,4,https://nepalhomesearch.com/property/a-furnished-house-for-sale-at-civil-homes-khumaltar-lalitpur/,South-east,3-,2069,lalitpur
A house for sale in Bhaisepati on 11 aana land,"Bhaisepati, Karyabinayak",53500000,3764.75,13,6,5,https://nepalhomesearch.com/property/house-for-sale-in-bhaisepati/,West,3+,2076,lalitpur
A house for sale in Chandol Kathmandu,A house for sale in Chandol ,35000000,1711.25,,4,4,https://nepalhomesearch.com/property/a-house-for-sale-in-chandol-kathmandu/,,3-,2069,kathmandu
A house on 8 annas is for sale in Hattisar Kathmandu,Hattisar ,80000000,2738,,9,6,https://nepalhomesearch.com/property/a-house-on-8-annas-is-for-sale-in-hatisar-kathmandu/,,,2057,kathmandu
A modern classic style house for sale at Budhanilkantha Kathmandu,Budhanilkantha ,55000000,2738,,5,5,https://nepalhomesearch.com/property/a-modern-classic-style-house-for-sale-at-budhanilkantha-kathmandu/,,3+,2057,kathmandu
A modern house for sale at Pepsicola Kathmandu,"Pepsicola, 44810",75000000,4449.25,13,5,6,https://nepalhomesearch.com/property/house-for-sale-at-pepsicola-kathmandu/,North,,,kathmandu
A modern house for sale at Sanepa Lalitpur,Sanepa,65000000,2738,,4,4,https://nepalhomesearch.com/property/a-modern-house-for-sale-at-sanepa-lalitpur/,,3-,2075,lalitpur
A modern house for sale in Bagaicha Colony Budhanilkantha Kathmandu,"Bagaicha Colony, Budhanilkantha",68000000,2738,20,6,5,https://nepalhomesearch.com/property/bagaicha-colony-budhanilkantha/,South-west,3-,2075,kathmandu
"A modern house for sale in Bagaicha Colony, Budhanilkantha","Bagaicha Colony, Budhanilkantha",70000000,2738,20,5,5,https://nepalhomesearch.com/property/house-for-sale-in-bagaicha-colony/,West,3-,2078,kathmandu
A modern house for sale Mahalaxmisthan Lalitpur,"Kusunti height, Malalaxmi chowk ring road",130000000,6502.75,,4,4,https://nepalhomesearch.com/property/a-modern-house-for-sale-mahalaxmisthan-lalitpur/,,3+,2077,lalitpur
A modest House for sale on 10 aana at Baluwatar Kathmandu,Baluwatar,130000000,3422.5,,4,4,https://nepalhomesearch.com/property/a-modest-house-for-sale-on-10-aana-land-at-baluwatar/,None,3-,,kathmandu
A neoclassic house for sale at Maharajgunj Kathmandu.,"Thirbam Sadak, Charkhal Dillibazar .",190000000,4449.25,20,4,5,https://nepalhomesearch.com/property/neoclassic-house-for-sale-at-maharajgunj/,South-east,3-,2079,kathmandu
A pleasant home for sale in Rose Villa,"Rose Villa, Siddhartha Colony Road, Budhanilkantha",58000000,2395.75,,5,6,https://nepalhomesearch.com/property/home-for-sale-in-rose-villa/,,3+,2076,kathmandu
A single story house for sale at Sitapaila Kathmandu,Sitapaila ,20000000,1369,,3,1,https://nepalhomesearch.com/property/a-single-story-house-for-sale-at-sitapaila-kathmandu/,,3-,2076,kathmandu
डिल्लीबजारमा भाडा खाने घर बिक्रीमा,"Thirbam Sadak, Charkhal Dillibazar .",100000000,2395.75,13,33,13,https://nepalhomesearch.com/property/%e0%a4%a1%e0%a4%bf%e0%a4%b2%e0%a5%8d%e0%a4%b2%e0%a5%80%e0%a4%ac%e0%a4%9c%e0%a4%be%e0%a4%b0%e0%a4%ae%e0%a4%be-%e0%a4%ad%e0%a4%be%e0%a4%a1%e0%a4%be-%e0%a4%96%e0%a4%be%e0%a4%a8%e0%a5%87-%e0%a4%98/,North,3-,,kathmandu
An old house for sale at Gairidhara Kathmandu,Gairidhara ,55000000,2395.75,,5,3,https://nepalhomesearch.com/property/an-old-house-for-sale-at-gairidhara-kathmandu/,,,,kathmandu
Apartment building for sale at Bansbari Kathmandu,"Bansbari, 44607",130000000,4107,13,,,https://nepalhomesearch.com/property/apartment-building-for-sale-at-bansbari-kathmandu/,,,,kathmandu
Attractive house for sale in Valley Homes Sunakothi Lalitpur,"Valley Homes, Satitar, Sunakothi",58500000,2738,,4,4,https://nepalhomesearch.com/property/valley-homes-sunakothi/,,3-,2073,lalitpur
Attractive houses for sale at Thaiba Godawari,"Thaiba, Godawari",35000000,1711.25,13,5,3,https://nepalhomesearch.com/property/houses-for-sale-at-thaiba-godawari/,South,3-,2070,lalitpur
Attractive Multi-Flat house for sale near Kalanki,"Maitri Nagar, Kirtipur, 44618",55000000,2395.75,13,12,7,https://nepalhomesearch.com/property/multi-flat-house-for-sale-near-kalanki/,East,3+,2075,kathmandu
Attractive old house for sale at Bansbari Kathmandu,"Kapan Road, Bansbari ",62500000,3422.5,12,3,3,https://nepalhomesearch.com/property/attractive-old-house-for-sale-at-bansbari-kathmandu/,South,3+,,kathmandu
Bansbari House Sale,Bansbari 44600,100000000,4107,18,4,3,https://nepalhomesearch.com/property/bansbari-house-sale/,South,3+,2063,kathmandu
Beautiful House at Satdobato of 10 Annas,"Satdobato, 44702",70000000,3422.5,13,13,9,https://nepalhomesearch.com/property/beautiful-house-at-satdobato/,South,,2072,lalitpur
Beautiful house for sale at Aadeshwor Sitapaila,"Adreshwor Sitapaila, Nagarjun, 44601",40000000,1369,,4,6,https://nepalhomesearch.com/property/house-for-sale-at-aadeshwor-sitapaila/,,,2076,kathmandu
Beautiful house for sale at Chandol Kathmandu,Chandol 44600,60000000,2395.75,13,4,5,https://nepalhomesearch.com/property/house-for-sale-at-chandol/,East,3-,2067,kathmandu
"Beautiful house for sale at Civil Homes, Sitapaila","Civil Homes Sitapaila, 44618",27000000,1369,14,4,3,https://nepalhomesearch.com/property/house-for-sale-at-civil-homes-sitapaila/,East,3-,2079,kathmandu
Beautiful house for sale at Kupandole Lalitpur,"Kupondole, Patan, 00779",100000000,3422.5,16,4,3,https://nepalhomesearch.com/property/house-for-sale-at-kupandole/,South,3+,,lalitpur
Beautiful house for sale at Nakkhu Lalitpur,"Nakhu, 44700",43000000,1711.25,18,5,3,https://nepalhomesearch.com/property/house-for-sale-at-nakkhu-lalitpur/,South,3-,,lalitpur
Beautiful house for sale at Washik Budhanilkantha,"Washik, Budhanilkantha, 22644",41000000,2053.5,13,5,4,https://nepalhomesearch.com/property/house-for-sale-at-washik-budhanilkantha/,South-west,3-,2079,kathmandu
Beautiful House for sale in Dholahiti Lalitpur,"Dholahiti, 44700",80000000,3422.5,13,4,3,https://nepalhomesearch.com/property/beautiful-house-for-sale-in-dholahiti-lalitpur/,North-east,3+,2062,lalitpur
Beautiful house for sale in Hattiban Lalitpur,"Hattiban, Dhapakhel, 14364",23000000,1369,27,4,4,https://nepalhomesearch.com/property/beautiful-house-for-sale-in-hattiban-lalitpur/,North,3-,2078,lalitpur
Beautiful new house for sale at Nakhipot Lalitpur,"Nakhipot, 44702",20000000,1026.75,13,4,3,https://nepalhomesearch.com/property/beautiful-new-house-for-sale-at-nakhipot-lalitpur/,East,3+,2079,lalitpur
Beautiful Old House For Sale At Bansbari Kathmandu,"Kapan Marga, Bansbari ",62500000,3422.5,13,4,3,https://nepalhomesearch.com/property/beautiful-old-house-for-sale-at-bansbari-kathmandu/,South,3+,,kathmandu
Beautiful Old Villa on 23 aana Sale at Sitapaila,"Sitapaila Metropolitan City, 44620",100000000,7871.75,,5,4,https://nepalhomesearch.com/property/beautiful-old-villa-on-23-aana-sale-at-sitapaila/,West,3+,,kathmandu
"Booking open at Narayanthan Residency, Budhanilkantha","Narayanthan Residency, Budhaniklantha",32500000,1390.39,,4,4,https://nepalhomesearch.com/property/booking-open-at-narayanthan-residency-budhanilkantha/,,3-,,kathmandu
"Brand new home on sale at Pepsicola, Kageshwori Manohara","Pepsicola, Kageshwori Manohara Municipality ",32500000,1369,14,4,4,https://nepalhomesearch.com/property/brand-new-home-on-sale-at-pepsicola/,North-west,3-,2077,kathmandu
Brand new house for sale at Budhanilkantha,"Rudreshwor Chowk, Budhanilkantha, 22644",62500000,2053.5,20,4,5,https://nepalhomesearch.com/property/brand-new-house-for-sale-at-budhanilkantha/,East,3-,2079,kathmandu
Brand New house for sale at Mandikhatar,Mandikhatar ,145000000,5133.75,20,4,5,https://nepalhomesearch.com/property/brand-new-house-for-sale-at-mandikhatar/,North-east,3+,2078,kathmandu
Brand new house in Bhaisepati Lalitpur,"Bhaisepati, Karyabinayak",37500000,1369,13,6,5,https://nepalhomesearch.com/property/brand-new-house-in-bhaisepati/,West,3-,2078,lalitpur
Brand New House On 9 Aana Land For Sale At Budhanilkantha,Budhanilkantha 44600,30000000,3080.25,18,5,5,https://nepalhomesearch.com/property/brand-new-house-on-9-aana-land-for-sale-at-budhanilkantha/,North,3+,2077,kathmandu
Budhanilkantha Villa,"Siddhartha Colony Road, Budhanilkantha 44600",150000000,6160.5,20,6,5,https://nepalhomesearch.com/property/budhanilkantha-villa/,South-east,3+,2078,kathmandu
Bungalow for sale on 2 ropanis of land in Kupandol Ghusingal,Kupandole Ghushingal,210000000,10267.5,,7,7,https://nepalhomesearch.com/property/bungalow-for-sale-on-2-ropanis-of-land-in-kupandol-ghusingal/,,3+,2057,lalitpur
Bungalow on 22 annas for sale at Kusunti Lalitpur,Kusunti 44700,100000000,7871.75,,5,5,https://nepalhomesearch.com/property/bungalow-on-22-annas-for-sale-at-kusunti-lalitpur/,,3+,2062,lalitpur
Bungalow on sale at Mandikhatar Kathmandu,"Thirbam Sadak, Charkhal Dillibazar .",85000000,3764.75,18,5,5,https://nepalhomesearch.com/property/bungalow-on-sale-at-mandikhatar-kathmandu/,East,3-,2070,kathmandu
"Bungalow on sale at Narayantar, Bouddha Jorpati","Narayantar, Bouddha Jorpati",135000000,10952,,6,6,https://nepalhomesearch.com/property/bungalow-on-sale-at-narayantar-bouddha-jorpati/,,3+,2099,kathmandu
CG Housing Sunakothi Lalitpur,Sunakothi 44700,31000000,1369,20,4,3,https://nepalhomesearch.com/property/cg-housing-sunakothi-lalitpur/,West,3-,2078,lalitpur
Cheap new attractive house for sale in Bhaktapur,Sudal,10500000,1069.53,10,2,2,https://nepalhomesearch.com/property/house-for-sale-in-bhaktapur/,West,3-,2075,bhaktapur
Civil Homes Sunakothi- House for sale,"Civil Homes, Thecho 44710",52500000,2395.75,20,4,3,https://nepalhomesearch.com/property/civil-homes-sunakothi/,North-west,3-,,lalitpur
"Classic house for sale at Man Bahadur Marg, Golfutar","Sundarbasti, Golfutar ",42500000,2395.75,,5,5,https://nepalhomesearch.com/property/classic-house-for-sale-at-man-bahadur-marg-golfutar/,,3-,2075,kathmandu
Classic house for sale on 4.1 anna at Budhanilkantha,"Siddhartha Colony Road, Budhanilkantha 44600",35000000,1369,,5,5,https://nepalhomesearch.com/property/house-for-sale-at-budhanilkantha-2/,,3-,2077,kathmandu
Commercial house for sale at Bhrikuti Chowk Kapan,"Bhrikuti Chow, Kapan , 44602",23000000,1026.75,27,3,2,https://nepalhomesearch.com/property/house-for-sale-at-bhrikuti-chowk-kapan/,West,3-,,kathmandu
Commercial house for sale at Koteshwor Kathmandu,"koteshwor , Lalbandi, Sarlahi, Province #2",85000000,1711.25,27,10,6,https://nepalhomesearch.com/property/commercial-house-for-sale-at-koteshwor/,,3+,,kathmandu
Cottage built in 10 ropanis for sale in Lamatar Lalitpur,"Lamatar, Mahalaxmi",250000000,56129,,2,2,https://nepalhomesearch.com/property/cottage-for-sale-in-lamatar-llitpur/,,3+,2062,lalitpur
Decent house for sale at Chapali Budhanilkantha,Decent house for sale at Chapali Budhanilkantha,80000000,5133.75,,3,3,https://nepalhomesearch.com/property/house-for-sale-at-chapali/,,3+,2067,kathmandu
Dream home at Godawari Lalitpur,"Godavari, Godawari",67500000,12321,20,3,3,https://nepalhomesearch.com/property/dream-home-for-sale-at-godawari/,South,3+,2055,lalitpur
Elegant villa on sale at Kapan Kathmandu,Kapan,550000000,38332,12,4,6,https://nepalhomesearch.com/property/elegant-villa-on-sale-at-kapan-kathmandu/,,3+,,kathmandu
European style house on 6.5 annas on sale at Bhaisepati Lalitpur,"Gokul Awash, Bhaisepati, Sainbu, 13775",47500000,2395.75,20,5,4,https://nepalhomesearch.com/property/european-style-house/,North-east,3-,2077,lalitpur
Exclusive Villa for sale at Budhanilkantha Kathmandu,Budhanilkantha ,93000000,6160.5,,5,5,https://nepalhomesearch.com/property/for-sale-at-budhanilkantha/,,3+,2077,kathmandu
Flat system house for sale at Aarubari Boudha,Arubari,18000000,,10,6,3,https://nepalhomesearch.com/property/house-for-sale-at-aarubari-boudha/,East,3-,2074,kathmandu
Flat system house for sale at Baluwatar Kathmandu,Baluwatar,75000000,3080.25,,5,5,https://nepalhomesearch.com/property/flat-system-house-for-sale-at-baluwatar/,,3+,2072,kathmandu
Flat system house for sale at Batisputali Kathmandu,Batisputali ,25000000,1048.14,,8,4,https://nepalhomesearch.com/property/flat-system-house-for-sale-at-batisputali-kathmandu/,,3-,2067,kathmandu
Flat system house for sale at Chakupat Lalitpur,Chakupat,35000000,1711.25,,6,3,https://nepalhomesearch.com/property/flat-system-hosue-in-chakupat/,,3-,,lalitpur
Flat system house for sale at Dhapasi Height Kathmandu,"Dhapasi Marg, Tokha, 44607",32500000,1369,,6,4,https://nepalhomesearch.com/property/flat-system-house-for-sale-at-dhapasi-height-kathmandu/,,3-,2072,kathmandu
Flat system house for sale at Samakhushi Kathmandu,Samakhusi,35000000,1711.25,,5,3,https://nepalhomesearch.com/property/a-flat-system-house-for-sale/,,3-,,kathmandu
Flat system house for sale on 4 annas at Mandikhatar,"Shridi Colony, Mandikhatar ",25000000,1369,,7,3,https://nepalhomesearch.com/property/flat-system-house-for-sale-at-mandikhatar/,,3-,,kathmandu
Flat system house for sale on 4.5 Anna at Sano Bharyang KTM,Sano Bharyang  44600,32500000,1711.25,,5,4,https://nepalhomesearch.com/property/house-for-sale-sano-bharyang-kathmandu/,,3-,2076,kathmandu
Flat system house for sale on 5 anna at Satungal,"Sangam Basti, Satungal Chandragiri Municipality ",30000000,1711.25,,6,4,https://nepalhomesearch.com/property/flat-system-house-for-sale-at-satungal/,,3-,2072,kathmandu
Flat system house in Ghattekulo,"Ghattekulo, 00446",35000000,1369,9,9,5,https://nepalhomesearch.com/property/flat-system-house-in-ghattekulo/,South-west,,,kathmandu
Flat System House on Sale at Hattigauda Kathmandu,"Hattigauda Chowk, Budhanilkantha ",31500000,1711.25,,5,3,https://nepalhomesearch.com/property/flat-system-house-on-sale-at-hattigauda/,,3-,2070,kathmandu
Flat system house on sale at Milanchowk Baneshwor,"Milanchowk, New Baneshwor ",50000000,1689.85,,5,4,https://nepalhomesearch.com/property/flat-system-house-on-sale-at-milanchowk-baneshwor/,,3-,2075,kathmandu
Flat system house on sale at Sukedhara Kathmandu,"Sukedhara,",35000000,1711.25,,10,5,https://nepalhomesearch.com/property/flat-system-house-on-sale-at-sukedhara-kathmandu/,South,3-,2063,kathmandu
Fully furnished home on sale Karyabinayak Homes Bhaisepati,"Karyabinayak Homes, Bhaisepati ",27000000,1069.53,,4,4,https://nepalhomesearch.com/property/karyabinayak-homes/,South-east,3-,2077,lalitpur
Furnished ready to move in house for sale at Bhaisepati Lalitpur,"Bhaisepati, Sainbu, 13775",44000000,1347.6,20,4,4,https://nepalhomesearch.com/property/furnished-ready-to-move-in-house-for-sale-at-bhaisepati-lalitpur/,North,3-,2078,lalitpur
Ghar Jagga on sale at Tinkune Kathmandu.,"Thirbam Sadak, Charkhal Dillibazar .",23500000,1369,,2,1,https://nepalhomesearch.com/property/ghar-jagga-on-sale-at-tinkune-kathmandu/,,3-,2052,kathmandu
Godawari Valley Housing – Booking Opens,Godawari,40000000,1711.25,,5,4,https://nepalhomesearch.com/property/godawari-valley-housing/,,3-,,lalitpur
"Home for sale in Chhauni Housing, Chhauni Kathmandu","Chhauni Housing, Chhauni ",35000000,1711.25,,4,3,https://nepalhomesearch.com/property/home-for-sale-in-chhauni-housing-chhauni-kathmandu/,,3-,2065,kathmandu
House built in 5 Anna for sale in Bhaisepati Lalitpur,"Bhaisepati, Karyabinayak",30000000,1711.25,,4,4,https://nepalhomesearch.com/property/house-built-in-5-anna-for-sale-in-bhaisepati-lalitpur/,,3-,2067,lalitpur
House for sale at Bafal on 5 aana land.,Bafal Marg 44600,36500000,1711.25,12,7,3,https://nepalhomesearch.com/property/house-for-sale-at-bafal/,South-west,3-,2063,kathmandu
House for sale at Bhelpa Satdobato,"Bhelpa, Satdobato, Ward 17, Patan, 44705",22500000,1026.75,30,4,3,https://nepalhomesearch.com/property/house-for-sale-at-bhelpa-satdobato/,East,3-,2075,lalitpur
"House for sale at Chhauni Housing, Chhauni Kathmandu","Chhauni Housing, Chhauni ",41000000,1711.25,,5,4,https://nepalhomesearch.com/property/fresh-house-for-sale-at-chhauni-housing-chhauni-kathmandu/,,3-,,kathmandu
House for sale at Gahana Pokhari Kathmandu,Gahana Pokhari,82500000,3422.5,13,4,4,https://nepalhomesearch.com/property/house-for-sale-at-gahana-pokhari-kathmandu/,South-east,3+,,kathmandu
House for sale at Gollfutar Height Kathmandu,Golfutar ,100000000,6502.75,,5,4,https://nepalhomesearch.com/property/house-for-sale-at-golfutar-height/,,3+,2057,kathmandu
House for sale at Green Hill City,Green Hill City Imadol,43000000,1711.25,,5,4,https://nepalhomesearch.com/property/ready-to-move-house-for-sale-at-green-hill-city-imadol/,,3-,2077,kathmandu
House for sale at Maitidevi Kathmandu,Maitidevi,37000000,1711.25,,6,4,https://nepalhomesearch.com/property/house-for-sale-at-maitidevi-kathmandu/,,3-,2073,kathmandu
House for sale at Mangal Colony near Vinayak Colony,"Vinayak Colony Rd, Karyabinayak Bhaisepati",30000000,1475.95,,3,4,https://nepalhomesearch.com/property/mangal-colony-vinayak-colony/,,3-,2075,kathmandu
House for sale at Nayabazar Kathmand made on 10 aana,"Rayamajhi Tol, Nayabazar ",47250000,3764.75,,5,5,https://nepalhomesearch.com/property/house-for-sale-at-nayabazar-made-on-10-aana/,,3+,2057,kathmandu
House for sale at Panipokhari Heights Housing Panipokhari,Panipokhari Heights Housing Panipokhari,72500000,1711.25,,4,4,https://nepalhomesearch.com/property/panipokhari-heights-housing-sale/,,3-,2075,kathmandu
House for sale at Reliable Colony Bhaisepati Lalitpur,Reliable Colony Bhaisepati,25000000,1326.21,,6,4,https://nepalhomesearch.com/property/house-for-sale-at-reliable-colony/,,3-,2065,lalitpur
House for sale at Road Show Housing Budhanilkantha,Road Show Housing Budhanilkantha,46000000,2053.5,,5,3,https://nepalhomesearch.com/property/road-show-housing-budhanilkantha/,,3-,2077,kathmandu
House for sale at Sano Bharyang Kathmandu.,Sanobharyang ,23000000,1133.7,,5,4,https://nepalhomesearch.com/property/house-for-sale-at-sanobharyang-kathmandu/,,3-,2075,kathmandu
"House for sale at Veenas Residency, Tokha","Veenas Residency, Tokha",32500000,1711.25,,3,3,https://nepalhomesearch.com/property/house-for-sale-at-veenas-residency-tokha/,,3+,,kathmandu
"House for Sale at Vinayak Colony, Bhaisepati Lalitpur",Vinayak Colony Bhaisepati,55000000,1925.15,12,5,5,https://nepalhomesearch.com/property/house-for-sale-at-vinayak-colony-bhaisepati/,,3-,2075,lalitpur
House for sale built on 8 anna at Sanepa Lalitpur,"Sanepa, SANEPA-2",60000000,,,5,5,https://nepalhomesearch.com/property/house-for-sale-built-on-8-anna-at-sanepa-lalitpur/,,3-,2075,lalitpur
House for sale in 7 annas in Dallu Kathmandu,Dallu 44600,55000000,2395.75,,6,4,https://nepalhomesearch.com/property/house-for-sale-in-7-annas-in-dallu-kathmandu/,,3-,,kathmandu
House For Sale in Grande Villa Dhapasi Kathmandu,Tokha Rd 44600,25000000,1369,,3,3,https://nepalhomesearch.com/property/house-for-sale-in-grande-villa/,,3-,2075,kathmandu
House for sale in Ishan Colony Budhanilkantha,"Ishan Colony, Budhanilkantha",57500000,1369,16,4,3,https://nepalhomesearch.com/property/house-for-sale-in-ishan-colony-budhanilkantha/,,3-,,kathmandu
House for sale in Sanepa,Sanepa ,50000000,2053.5,,2,3,https://nepalhomesearch.com/property/house-for-sale-in-sanepa/,,3+,2062,lalitpur
"House for sale in Southern Heights Housing, Thaiba Lalitpur","Southern Heights, Godawari 44700",45000000,2053.5,20,4,4,https://nepalhomesearch.com/property/house-for-sale-in-southern-heights-housing/,South-west,3-,,lalitpur
"House for sale in Sunrise Homes, Balkumari Lalitpur","Sunrise Homes, Balkumari ",45000000,1711.25,,3,4,https://nepalhomesearch.com/property/house-for-sale-in-sunrise-homes-balkumari-lalitpur/,,3-,,lalitpur
House for sale on 1 ropani at Mandikhatar Kathmandu,"Mandikhatar  ,",120000000,342.25,16,4,4,https://nepalhomesearch.com/property/house-for-sale-on-1-ropani-at-mandikhatar/,South,3+,2059,kathmandu
House for sale on 10 aana land at Khumaltar Height,Satdobato 44700,60000000,3422.5,,3,3,https://nepalhomesearch.com/property/house-for-sale-on-10-aana-land-at-khumaltar-height/,,3+,,lalitpur
"House for sale on 10 anna land at Tinkune, Subidhanagar!",Tinkune ,60000000,3422.5,,5,5,https://nepalhomesearch.com/property/house-for-sale-on-10-anna-land-at-tinkune-kathmandu/,,3+,2062,kathmandu
House for sale on 12 anna at Dhapasi Kathmandu,"Dhapasi Marga, Dhapasi",62500000,4107,,7,7,https://nepalhomesearch.com/property/house-for-sale-in-dhapasi-kathmandu/,,3+,,kathmandu
House for sale on 14 annas of land in Ghattekulo Kathmandu,Ghattekulo,100000000,4791.5,,10,7,https://nepalhomesearch.com/property/house-for-sale-on-14-annas-of-land-in-ghattekulo-kathmandu/,,3+,,kathmandu
House for sale on 3 aana land at Buddhanagar Kathmandu,Buddhanagar 44600,31000000,1026.75,16,6,4,https://nepalhomesearch.com/property/house-for-sale-on-3-aana-land-at-buddhanagar-kathmandu/,,3-,2076,kathmandu
House for sale on 4.5 aana land at Bafal Kathmandu,Bafal Marg,32500000,1711.25,,4,4,https://nepalhomesearch.com/property/house-for-sale-on-4-5-aana-land-at-bafal-kathmandu/,,3-,,kathmandu
House for sale on 5.5 aana at Khumaltar Lalitpur.,Khumaltar 44700,34000000,1775.42,13,5,3,https://nepalhomesearch.com/property/house-for-sale-in-khumaltar-lalitpur/,East,3+,2076,lalitpur
House for sale on 6 aana in Sukedhara Kathmandu,Sukedhara ,40000000,2053.5,,6,4,https://nepalhomesearch.com/property/house-for-sale-on-6-aana-in-sukedhara/,,3-,,kathmandu
House for sale on 7 anna at Rose Village Balkot Bhaktapur.,"Rose Village Housing, Balkot,",70000000,2395.75,,5,9,https://nepalhomesearch.com/property/house-for-sale-rose-village-balkot/,,3-,2076,bhaktapur
"House for sale on 7 annas Near Veenas Residency, Tokha",Tokha,36500000,2395.75,,4,4,https://nepalhomesearch.com/property/house-for-sale-on-7-annas-near-veenas-residency/,,3-,2076,kathmandu
House for sale on 8 aana land New Baneshwor,New Baneshwor,80000000,3080.25,,10,7,https://nepalhomesearch.com/property/house-for-sale-on-8-aana-land-new-baneshwor/,,3-,,kathmandu
House for sale on 8.1 anna at Siddhartha Colony,"Siddhartha Colony Road, Budhanilkantha 44600",41000000,2738,,4,4,https://nepalhomesearch.com/property/house-for-sale-on-8-1-anna-land-at-siddhartha-colony-budhanilkantha/,,3+,2074,kathmandu
House for sale on 8.5 aana land at Old Baneshwor,"Thirbam Sadak, Charkhal Dillibazar",60000000,3080.25,,6,3,https://nepalhomesearch.com/property/house-for-sale-on-8-5-aana-land-at-old-baneshwor/,,3+,,kathmandu
House for sale on 9 aana at Bafal,Bafal ,70000000,3422.5,,3,4,https://nepalhomesearch.com/property/house-for-sale-on-9-aana-at-bafal/,East,3+,2060,kathmandu
"House for sale, Thecho Laliptur","Thecho, Godawari, 44700",32500000,1369,13,5,5,https://nepalhomesearch.com/property/house-for-sale-thecho-laliptur/,North,3-,2080,lalitpur
House in Civil Homes Bhaisepati,"Civil Homes, Bhaisepati, Sainbu",45000000,2053.5,,4,4,https://nepalhomesearch.com/property/house-in-civil-homes-bhaisepati/,South-east,3+,2062,lalitpur
House in thankot for sale,"Thankot, Chandragiri, 44619",22000000,1711.25,10,6,3,https://nepalhomesearch.com/property/%e0%a4%a5%e0%a4%be%e0%a4%a8%e0%a4%95%e0%a5%8b%e0%a4%9f-%e0%a4%ae%e0%a4%be-%e0%a4%98%e0%a4%b0-%e0%a4%ac%e0%a4%bf%e0%a4%95%e0%a5%8d%e0%a4%b0%e0%a5%80%e0%a4%ae%e0%a4%be/,West,3-,,kathmandu
House on 14 aana at Dhapasi for sale,"Dhapasi, near Krishna Mandir",70000000,4791.5,,6,6,https://nepalhomesearch.com/property/house-on-14-aana-at-dhapasi-for-sale/,South,3+,,kathmandu
House on 24 anna land for sale at Bhaisepati Lalitpur,Bhaisepati ,150000000,8214,,3,4,https://nepalhomesearch.com/property/house-on-24-anna-land-for-sale-at-bhaisepati-lalitpur/,,3+,2067,lalitpur
House on 9 anna land for sale at Hepali Kathmandu,Hepali ,70000000,3080.25,,4,5,https://nepalhomesearch.com/property/a-house-built-on-9-anna-land-for-sale-at-hepali/,,3+,,kathmandu
House on sale at Jhamsikhel Lalitpur,Jhamsikhel Marg 44600,102500000,4107,13,5,4,https://nepalhomesearch.com/property/house-on-sale-at-jhamsikhel-lalitpur/,South,3+,2060,lalitpur
House on sale at Kalimati Kathmandu,Kalimati 44600,92500000,3422.5,13,5,5,https://nepalhomesearch.com/property/house-on-sale-at-kalimati-kathmandu/,South-east,3+,,kathmandu
House on sale at Kusunti Lalitpur,"Kusunti height, 40000",35000000,1711.25,15,4,4,https://nepalhomesearch.com/property/house-on-sale-at-kusunti-lalitpur/,South-east,3-,2068,lalitpur
"House on sale at Milanchowk, Baneshwor Kathmandu",Milanchowk Baneshwor ,85000000,3764.75,,5,4,https://nepalhomesearch.com/property/house-on-sale-at-milanchowk-baneshwor-kathmandu/,,3+,2047,kathmandu
"House on sale at Padma Colony, Ramkot, Nagarjun Kathmandu!","Padma Colony, Ramkot, Nagarjun",19500000,1433.17,,3,3,https://nepalhomesearch.com/property/house-on-sale-at-padma-colony-ramkot-nagarjun-kathmandu/,,3-,2057,kathmandu
House sale in Mid Baneshowr at Land Price,"Mid Baneshwar, 44703",104000000,342.25,20,5,3,https://nepalhomesearch.com/property/house-sale-in-mid-baneshowr/,North-west,3+,2062,kathmandu
House sale in Rudreshwor Budhanilkantha,"Rudreshwor Chowk Bus Stop, Budhanilkantha 44600",35000000,1711.25,13,5,5,https://nepalhomesearch.com/property/house-sale-in-rudreshwor-budhanilkantha/,West,3-,2077,kathmandu
House sale near Medicity Hospital Bhaisepati,"MANJUSHREE TOLE, Karyabinayak 44600",36000000,1711.25,,5,3,https://nepalhomesearch.com/property/house-sale-near-medicity-hospital-bhaisepati/,,3-,2077,lalitpur
"House urgent sale at Pandu Bazar, Katunje Bhaktapur",Pandu Bazar,30000000,2738,13,4,3,https://nepalhomesearch.com/property/house-urgent-sale-at-pandu-bazar-katunje-bhaktapur/,East,3-,,bhaktapur
Imadol house sale urgent,"Imadol, Mahalaxmi",17000000,1026.75,13,,,https://nepalhomesearch.com/property/imadol-house-sale-urgent/,,,,lalitpur
"Independent House For Sale In Hattiban Housing, Lalitpur",Hattiban ,50000000,1711.25,,4,4,https://nepalhomesearch.com/property/hattiban-housing-house-sale/,,3-,2077,lalitpur
Lale Lalitpur House Sale on 4 Ropani,"Dihgau, Lele, Godawari, 44709",73000000,21904,20,4,3,https://nepalhomesearch.com/property/lale-lalitpur-house-sale/,South-east,3+,2075,lalitpur
Lavish home at Sanepa,Sanepa,160000000,6502.75,,6,6,https://nepalhomesearch.com/property/lavish-home-for-sale-at-sanepa/,,3+,2067,lalitpur
Lovely old house for sale at Chabahil Kathmandu,Chabahil 44600,120000000,6845,15,4,4,https://nepalhomesearch.com/property/lovely-old-house-for-sale-at-chabahil/,South,3+,2060,kathmandu
Luxurious Classic Villa for sale at Kathmandu,"Dhapasi, 44606",135000000,4791.5,20,5,6,https://nepalhomesearch.com/property/luxurious-classic-villa/,South-east,3+,2079,kathmandu
Luxurious Classic Villa for sale at Thapathali Kathmandu,"Thapathali, PO BOX. 220",160000000,7187.25,,4,4,https://nepalhomesearch.com/property/villa-for-sale-at-thapathali/,,3+,2052,kathmandu
Magnificent House for sale in Chundevi Kathmandu,Chundevi Maharajgjunj ,140000000,8898.5,,4,4,https://nepalhomesearch.com/property/magnificent-house-for-sale-in-chundevi/,,3+,2072,kathmandu
Magnificent Villa on 17 aana for sale at Bhaisepati Lalitpur,"Bhaisepati, 44700",100000000,5818.25,,4,3,https://nepalhomesearch.com/property/magnificent-villa-bhaisepati-lalitpur/,,,,lalitpur
Mandikhatar House for Sale,"Mandikhatar, Budhanilkantha, 3832",170000000,9240.75,13,6,5,https://nepalhomesearch.com/property/mandikhatar-house-for-sale/,South,3+,,kathmandu
Mansion for sale at Budhanilkantha Kathmandu,"Budhanilkantha,",170000000,10609.75,,5,5,https://nepalhomesearch.com/property/mansion-budhanilkantha/,,3+,2077,kathmandu
Modern Bungalow for Sale at Budhanilkanta of 23 annas,"Budhanilkantha, 22644",160000000,7871.75,15,6,6,https://nepalhomesearch.com/property/modern-bungalow-sale-budhanilkanta/,North,,2078,kathmandu
Modern bungalow for sale at Budhanilkantha Kathmandu,Budhanilkantha ,95000000,6845,,5,5,https://nepalhomesearch.com/property/bungalow-for-sale-at-budhanilkantha/,,3+,2072,kathmandu
"Modern bungalow for sale at Min Bhawan, Baneshwor","Min Bhawan, Baneshwor ",165000000,5818.25,,5,6,https://nepalhomesearch.com/property/bungalow-for-sale-at-min-bhawan/,,3+,2067,kathmandu
Modern bungalow on 31 anna for sale at Sitapaila Kathmandu,"New Colony, Sitapaila ",152500000,10609.75,,5,5,https://nepalhomesearch.com/property/modern-bungalow-on-31-anna-for-sale-at-sitapaila-kathmandu/,,3+,2066,kathmandu
Modern classic designed house for sale at Budhanilkantha,"Budhanilkantha, काठमाडौँ 44600",55000000,2738,,5,5,https://nepalhomesearch.com/property/house-for-sale-at-budhanilkantha/,,3-,2077,kathmandu
Modern house for sale at Budhanikantha Kathmandu,Budhanilkantha 44600,65000000,2738,13,5,3,https://nepalhomesearch.com/property/modern-house-for-sale-at-budhanikantha/,South,3-,2060,kathmandu
Modern House for sale at Hepali Kathmandu,"Hepali, Budhanilkantha ",47500000,3080.25,,5,5,https://nepalhomesearch.com/property/modern-house-for-sale-at-hepali-kathmandu/,,3-,2072,kathmandu
Modern house for sale at Maligaun Kathmandu,Hadigaun Marg 44600,75000000,3764.75,,4,5,https://nepalhomesearch.com/property/house-for-sale-at-maligaun/,,3+,2067,kathmandu
Modern House for sale at Pasikot Budhanilkantha,"Pasikot, Budhanilkantha 44600",82500000,7529.5,,4,4,https://nepalhomesearch.com/property/modern-house-for-sale-at-pasikot-budhanilkantha/,,3+,2076,kathmandu
Modern house for sale in Civil Homes Tinthana,"Thirbam Sadak, Charkhal Dillibazar",35000000,2352.96,,4,3,https://nepalhomesearch.com/property/modern-house-for-sale-on-5-75-annas-of-land-at-civil-homes/,,3-,,kathmandu
Modern house for sale on 18 anna at Budhanilkantha,Budhanilkantha ,92500000,6160.5,,5,5,https://nepalhomesearch.com/property/modern-house-for-sale-on-18-anna-at-budhanilkantha/,,3+,2075,kathmandu
Modern house for sale on 2 ropani at Budhanilkantha,"Buddha Colony, Budhanilantha ",105000000,10952,,5,5,https://nepalhomesearch.com/property/modern-house-for-sale-budhanilkantha/,,3+,2072,kathmandu
Modern House on 10 Anna land on sale at Bafal Kathmandu,Bafal ,85000000,3764.75,,3,4,https://nepalhomesearch.com/property/modern-house-on-10-anna-land-on-sale-at-bafal-kathmandu/,None,3+,2067,kathmandu
Modern house on sale at Bagaicha Colony Budhanilkantha,"Taulung, Budhanilkantha ",42500000,2053.5,,4,4,https://nepalhomesearch.com/property/modern-house-on-sale-at-bagaicha-colony-budhanilkantha/,,3-,2078,kathmandu
Multi-Family House For Sale at Anamnagar,Anamnagar,50000000,2053.5,12,7,4,https://nepalhomesearch.com/property/multi-family-house-for-sale-at-anamnagar/,,3+,,kathmandu
Multi-storey house for sale at Baluwatar kathmandu,"Thirbam Sadak, Charkhal Dillibazar",125000000,4107,,11,8,https://nepalhomesearch.com/property/multi-storey-house-for-sale-at-baluwatar/,,3+,,kathmandu
New House for Sale at Mangal Colony Bhaisepati,"Mangal Coloney, Bhaisepati, Sainbu, 13775",40000000,1711.25,20,5,4,https://nepalhomesearch.com/property/house-for-sale-at-mangal-colony-bhaisepati/,West,3-,,lalitpur
New house for sale at Pasikot Budhanilkantha,"Pasikot, Budhanilkantha",28000000,1711.25,,6,4,https://nepalhomesearch.com/property/new-house-for-sale-at-pasikot-budhanilantha/,,3-,2077,kathmandu
New House For Sale At Thecho Lalitpur,"Thecho, Godawari, 44700",26000000,1369,10,4,3,https://nepalhomesearch.com/property/house-for-sale-at-thecho/,South,3-,2079,lalitpur
"New house for sale near Kuwar Colony, Dhapasi","Kuwar Colony, Dhapasi",32500000,2053.5,,5,4,https://nepalhomesearch.com/property/new-house-for-sale-near-kuwar-colony-dhapasi/,,3-,2077,kathmandu
New house for sale on 3.5 aana land at Bhaisepati,"Bhaisepati,Town Planning",35000000,1369,,4,4,https://nepalhomesearch.com/property/new-house-for-sale-on-3-5-aana-land-at-bhaisepati/,,3-,,lalitpur
New house on sale at Sano Bharyang Housing Kathmandu,Sano Bharyang Housing ,52500000,1711.25,20,4,5,https://nepalhomesearch.com/property/sano-bharyang-housing/,North,3-,2077,kathmandu
New house on sale at Satungal Chandragiri Municipality,"Satungal Road, Boshigaun, Chandragiri, 44618",15000000,1026.75,4,3,3,https://nepalhomesearch.com/property/new-house-on-sale-at-satungal/,,,2079,kathmandu
New semi bungalow house for sale at Imadol Lalitpur,"Imadol, Mahalaxmi, 44708",28000000,1369,13,6,4,https://nepalhomesearch.com/property/semi-bungalow-house-for-sale-at-imadol/,South,3-,2079,lalitpur
Old house for sale in Mahalaxmisthan,Mahalaxmisthan,70000000,4791.5,,5,4,https://nepalhomesearch.com/property/old-house-for-sale-in-mahalaxmisthan-lagankhel/,,3+,,lalitpur
Old house for sale on 20 Anna land at Manbhawan Lalitpur,"AVM Chowk, Manbhawan ",110000000,6845,,10,5,https://nepalhomesearch.com/property/old-house-for-sale-on-20-anna-land-at-manbhawan-lalitpur/,,3+,2057,lalitpur
Old house for sale on 5.5 anna land at Tudaldevi Kathmandu,Tudaldevi Baluwatar,40000000,2053.5,,4,3,https://nepalhomesearch.com/property/old-house-for-sale-on-5-5-anna-land-at-tudaldevi/,,3-,,kathmandu
Old house on 8 aana for sale at Bhimsengola Kathmandu,Bhimsengola 44600,58000000,2738,,5,2,https://nepalhomesearch.com/property/old-house-for-sale-at-bhimsengola/,,3-,2055,kathmandu
Old house on 8 aana land for sale at Old Baneshwor,"Old Baneshwor, 34",50400000,2738,10,5,3,https://nepalhomesearch.com/property/old-house-on-8-aana-land-for-sale-at-old-baneshwor/,,3-,,kathmandu
Om Niwash on sale in 1.5 ropani at Bhimsengola Kathmandu,Om Niwash Bhimsengola ,155000000,,,5,5,https://nepalhomesearch.com/property/om-niwash-on-sale-in-1-5-ropani-at-bhimsengola-kathmandu/,,3+,2057,kathmandu
One-story house on sale at Tikathali,"Tikathali, Mahalaxmi",12000000,1005.35,12,2,2,https://nepalhomesearch.com/property/one-story-house-on-sale-at-tikathali/,South,3-,2078,lalitpur
Pasikot Villa in Budhanilknatha,"Pasikot Budhanilkantha, 22644",100000000,6845,20,4,4,https://nepalhomesearch.com/property/pasikot-villa/,North-west,3+,2077,kathmandu
Previous Home On Sale close to Summit Lodge Kupandole,"Near Summit Hotel, Kupandole , 44690",67500000,2438.53,13,6,4,https://nepalhomesearch.com/property/house-on-sale-near-summit-hotel/,North-east,3+,,lalitpur
Ravi Bhawan Kathmandu,Ravi Bhawan ,430000000,24642,,10,7,https://nepalhomesearch.com/property/ravi-bhawan-kathmandu/,,3+,2055,kathmandu
Ready to move 2 houses on sale at Shantinagar Kathmandu.,Shantinagar,49500000,1390.39,24,6,4,https://nepalhomesearch.com/property/houses-on-sale-at-shantinagar/,North-east,3-,2078,kathmandu
"Ready to move houses near High Vision Colony, Thankot","Thānkot, Chandragiri",32500000,1711.25,,5,4,https://nepalhomesearch.com/property/ready-to-move-houses/,,3-,2077,kathmandu
Ready to move in houses on sale in Hattiban Lalitpur,Hattiban 44700,28000000,1026.75,20,5,4,https://nepalhomesearch.com/property/houses-on-sale-in-hattiban-lalitpur/,West,3-,2078,lalitpur
Renovated House For Sale At Chappal Karkhana Kathmandu,Chappal Karkhana,70000000,3080.25,13,5,5,https://nepalhomesearch.com/property/renovated-house-for-sale-at-chappal-karkhana-kathmandu/,South,3+,,kathmandu
Sale House at Budhanilkantha,Budhanilkantha,60000000,3080.25,13,4,5,https://nepalhomesearch.com/property/sale-house-at-budhanilkantha/,South-west,3+,2077,kathmandu
Semi bungalow for sale at Chhauni Kathmandu,"Chhauni, 44620",35000000,1369,13,5,3,https://nepalhomesearch.com/property/semi-bungalow-for-sale-at-chhauni/,South,3-,,kathmandu
Semi commercial house for sale at Imadol Lalitpur,"Imadol, Mahalaxmi",60000000,4791.5,,9,4,https://nepalhomesearch.com/property/semi-commercial-house-in-imadol/,,3+,2067,lalitpur
Semi Commercial house for sale at Kapan,"Kapan, 44602",28500000,1369,,2,1,https://nepalhomesearch.com/property/semi-commercial-house-for-sale-at-kapan/,South-east,3-,,kathmandu
Semi commercial house for sale at Khuanitar Lazimpat,"Khuanitar Marg, Lazimpat ",55000000,2738,,,,https://nepalhomesearch.com/property/semi-commercial-house-for-sale-at-khuanitar-lazimpat/,,,2067,kathmandu
Semi commercial new house for sale at Thankot Kathmandu,"Thānkot, Chandragiri,",32500000,2053.5,,4,4,https://nepalhomesearch.com/property/semi-commercial-new-house-for-sale-at-thankot-kathmandu/,,3-,2077,kathmandu
Semi commercial property for sale in Kapan Kathmandu,"Bibek Chok, Kapan, Budhanilkantha, 44602",20000000,1369,15,2,1,https://nepalhomesearch.com/property/property-for-sale-in-kapan/,South,3-,,kathmandu
Semi-Bungalow House Sale in Mulpani,"Mulpani Pipalbot, Kageshwori Manohara, Kageshwori Manohara Municipality, 97701",23000000,1026.75,13,5,3,https://nepalhomesearch.com/property/semi-bungalow-house-sale-in-mulpani/,South-east,3-,2079,kathmandu
Single Story house for sale at Balkot,Balkot,14500000,,13,2,1,https://nepalhomesearch.com/property/single-story-house-for-sale-at-balkot/,East,3-,2078,bhaktapur
Single story house for sale at Imadol Lalitpur,"Imadol, Mahalaxmi",14500000,1026.75,13,2,2,https://nepalhomesearch.com/property/single-story-house-for-sale-at-imadol-lalitpur/,East,3-,2078,lalitpur
Single story house for sale at Matatirtha,"Matatirtha, Chandragiri 44600",8700000,1026.75,13,2,1,https://nepalhomesearch.com/property/single-story-house-for-sale-at-matatirtha/,North,3-,2078,kathmandu
Single Story house for sale at Sipadol Bhaktapur,"Sipadol, Suryabinayak",15000000,1369,13,2,1,https://nepalhomesearch.com/property/house-for-sale-at-sipadol-bhaktapur/,South-east,3-,2078,bhaktapur
Single story house for sale at Thali Kathmandu,"Thali, Kageshwari-Manohara, 46603",11000000,1219.26,10,2,1,https://nepalhomesearch.com/property/single-story-house-for-sale-at-thali-kathmandu/,South-east,3-,2078,kathmandu
Single-family house for sale in Baluwatar Kathmandu,"Baluwatar Metropolitan Ward 4, 44616",40000000,1048.14,,3,5,https://nepalhomesearch.com/property/house-for-sale-in-baluwatar-kathmandu/,East,3-,2076,kathmandu
Sitapaila Luxury Villa Sale,"Sitapaila, Nagarjun 44600",170000000,6845,13,5,7,https://nepalhomesearch.com/property/sitapaila-luxury-villa-sale/,East,3+,2068,kathmandu
Southern Heights Housing – House On Sale,"Southern Heights, Godawari 44700",46500000,2053.5,20,4,4,https://nepalhomesearch.com/property/southern-heights-housing-2/,South-east,3-,2068,lalitpur
Southern Heights Housing Thaiba Lalitpur,"Southern Heights, Godawari",35000000,2053.5,,4,4,https://nepalhomesearch.com/property/southern-heights-housing-thaiba-lalitpur/,,3-,2072,lalitpur
Splendid Villa for sale in Kathmandu,"Chapali Bhadrakali, Budhanilkantha 44600",300000000,17797,,4,5,https://nepalhomesearch.com/property/villa-for-sale-in-kathmandu/,,3+,,kathmandu
Spontaneous 5 BHK bungalow at Budhanilkantha,Spontaneous 5 BHK bungalow at Budhanilkantha,105000000,7187.25,,5,6,https://nepalhomesearch.com/property/spontaneous-5-bhk-bungalow-at-budhanilkantha/,,3+,,kathmandu
Star Homes Sitapaila,"Star Homes, Sitapaila, 217",46500000,1711.25,20,4,3,https://nepalhomesearch.com/property/star-homes-sitapaila/,North-east,3-,2065,kathmandu
Stylish House At Thaiba For Sale of 5.5 annas,"Southern Heights Colony, Thaiba, 44709",50000000,2053.5,20,4,3,https://nepalhomesearch.com/property/stylish-house-at-thaiba-lalitpur/,South-west,3-,2067,lalitpur
Thaiba Heights Housing,"Thaiba Heights Housing, Thaiba, Godawari",50000000,2053.5,20,4,3,https://nepalhomesearch.com/property/thaiba-heights-housing/,South,3-,2078,lalitpur
Two houses for sale at Tahachal Kathmandu,Tahachal,100000000,3764.75,,12,12,https://nepalhomesearch.com/property/two-houses-for-sale-at-tahachal/,,3+,2077,kathmandu
Under construction villa on sale at Kalanki Kathmandu,"Durga Colony, Kalanki ",150000000,10952,,5,8,https://nepalhomesearch.com/property/under-construction-villa-on-sale-at-kalanki-kathmandu/,,3+,2078,kathmandu
Urgent sale a house at Golfutar Kathmandu,Golfutar ,27000000,1369,,5,4,https://nepalhomesearch.com/property/urgent-sale-a-house-at-golfutar-kathmandu/,,3-,,kathmandu
Urgent Sale a House in Anamnagar Dhobikhola Corridor,Dhobikhola Corridor Anamnagar,40000000,1369,35,4,3,https://nepalhomesearch.com/property/urgent-sale-a-house-in-anamnagar-dhobikhola-corridor/,East,3-,,kathmandu
"Urgent sale – Flat system house at Gothatar, Kathmandu","Kageshwari-Manohara Municipality, Gothatar ",47500000,2395.75,,5,4,https://nepalhomesearch.com/property/urgent-sale-flat-system-house-at-gothatar-mulpani/,,3-,2077,kathmandu
Urgent Sale House in Imadol Lalitpur,"Imadol, Mahalaxmi",65000000,4107,13,7,3,https://nepalhomesearch.com/property/urgent-sale-house-in-imadol-lalitpur/,South,3+,,lalitpur
Very Very Urgent Sale House At Gothatar Kathmandu,Kageshwari-Manohara Municipality Gothatar,20000000,1026.75,16,5,3,https://nepalhomesearch.com/property/very-very-urgent-sale-house-at-gothatar-kathmandu/,,3-,2077,kathmandu
Villa for sale in Chabahil Kathmandu,"Chabahil, 44660",120000000,4107,16,3,2,https://nepalhomesearch.com/property/villa-for-sale-in-chabahil-kathmandu/,North,3+,2055,kathmandu
Voguish House at Sukedhara,"Sukedhara, 3832",45000000,2395.75,,4,3,https://nepalhomesearch.com/property/voguish-house-at-sukedhara/,East,3-,,kathmandu
Wonderful Bungalow at Tripureshwor,Tripureshwar,80000000,3422.5,13,6,5,https://nepalhomesearch.com/property/wonderful-bungalow-sale-at-tripuresh/,West,3+,2067,kathmandu
